Time,rsrpVal_signal_info(dBm),rsrqVal_signal_info(dB),rssilte_signal_info(dBm),snrVal_signal_info(dB),Sent Bytes,RATE(MBit/s)
Sat Aug 20 13:29:30 UTC 2022,-94,-13,-60,15.8,80150794,30.0446231091407
Sat Aug 20 13:29:33 UTC 2022,-94,-13,-66,14.8,87739662,20.4287037235821
Sat Aug 20 13:29:36 UTC 2022,-94,-13,-66,14.8,95541246,20.5500834808522
Sat Aug 20 13:29:39 UTC 2022,-94,-13,-66,14.2,103095660,20.3561025550976
Sat Aug 20 13:29:42 UTC 2022,-94,-13,-66,13.4,110639588,20.2720894679587
Sat Aug 20 13:29:45 UTC 2022,-94,-13,-66,13.4,117937844,19.3964183025183
Sat Aug 20 13:29:48 UTC 2022,-94,-13,-66,12.4,126097450,22.2565574763021
Sat Aug 20 13:29:51 UTC 2022,-94,-13,-60,14.6,134251064,21.5294693066287
Sat Aug 20 13:29:54 UTC 2022,-94,-13,-60,14.6,141800984,20.2816861839731
Sat Aug 20 13:29:57 UTC 2022,-94,-13,-60,16,149644512,21.2134838206942
Sat Aug 20 13:30:00 UTC 2022,-94,-13,-60,1.6,156592236,18.6586187729826
Sat Aug 20 13:30:03 UTC 2022,-94,-13,-60,17.6,163331738,17.9738404085176
Sat Aug 20 13:30:06 UTC 2022,-94,-13,-66,13.2,170487684,19.3991236522758
Sat Aug 20 13:30:09 UTC 2022,-94,-13,-66,3.6,177128318,17.5684694494504
Sat Aug 20 13:30:12 UTC 2022,-94,-13,-66,10.4,184375642,19.4211797461657
Sat Aug 20 13:30:15 UTC 2022,-94,-13,-66,13.6,191320370,18.8517789184909
Sat Aug 20 13:30:18 UTC 2022,-94,-13,-66,18,198964664,20.6695306720959
Sat Aug 20 13:30:21 UTC 2022,-85,-13,-56,19.6,206716814,20.7599728383428
Sat Aug 20 13:30:24 UTC 2022,-85,-13,-56,16.6,214266734,20.1042478339893
Sat Aug 20 13:30:27 UTC 2022,-85,-13,-56,19.6,221208466,18.6759713246656
Sat Aug 20 13:30:30 UTC 2022,-85,-13,-56,19.6,228761382,20.2838594553585
Sat Aug 20 13:30:33 UTC 2022,-85,-8,-62,18.8,236618392,21.2149751672173
Sat Aug 20 13:30:36 UTC 2022,-85,-8,-62,19.2,244162320,19.8810061408363
Sat Aug 20 13:30:39 UTC 2022,-85,-8,-56,11.4,252131680,21.6900659360361
Sat Aug 20 13:30:42 UTC 2022,-85,-8,-56,19.8,259988690,20.40861682798
Sat Aug 20 13:30:45 UTC 2022,-85,-8,-62,17,267330388,19.595843014503
Sat Aug 20 13:30:48 UTC 2022,-85,-8,-62,19.4,275111000,21.0467013094045
Sat Aug 20 13:30:51 UTC 2022,-85,-8,-54,17.2,283087850,21.2688867919188
Sat Aug 20 13:30:54 UTC 2022,-85,-8,-61,14,290633276,20.2111127208998
Sat Aug 20 13:30:57 UTC 2022,-85,-8,-61,12.6,298180200,20.2754629787871
Sat Aug 20 13:31:00 UTC 2022,-85,-8,-61,15,305237278,18.5800130535852
Sat Aug 20 13:31:03 UTC 2022,-92,-8,-65,11.8,313089794,21.3396218215007
Sat Aug 20 13:31:06 UTC 2022,-92,-8,-65,11.8,320385054,18.5416924370512
Sat Aug 20 13:31:09 UTC 2022,-92,-8,-65,14.2,327629382,19.5128230694649
Sat Aug 20 13:31:12 UTC 2022,-92,-8,-57,9.6,335489388,21.2366516250846
Sat Aug 20 13:31:15 UTC 2022,-92,-8,-57,9.6,341834916,16.7782080135818
Sat Aug 20 13:31:18 UTC 2022,-92,-8,-57,14.2,349122686,19.716784571139
Sat Aug 20 13:31:21 UTC 2022,-92,-8,-57,9,355838220,18.1468521025065
Sat Aug 20 13:31:24 UTC 2022,-92,-8,-64,10.4,360670768,13.0094978085478
Sat Aug 20 13:31:27 UTC 2022,-92,-13,-64,11.2,363996328,8.52043321086253
Sat Aug 20 13:31:30 UTC 2022,-92,-13,-64,3.2,367016296,7.9359703413983
Sat Aug 20 13:31:33 UTC 2022,-97,-13,-64,3.2,375769110,23.0621380750295
Sat Aug 20 13:31:36 UTC 2022,-89,-13,-64,3.2,384229814,22.9693033135492
Sat Aug 20 13:31:39 UTC 2022,-89,-13,-52,-3.4,396305192,32.7273613341531
Sat Aug 20 13:31:42 UTC 2022,-89,-13,-52,12.2,409286860,34.2046670559534
Sat Aug 20 13:31:45 UTC 2022,-89,-13,-59,11,419853752,27.5359338113818
Sat Aug 20 13:31:48 UTC 2022,-89,-13,-59,11.2,428608064,23.8023143462497
Sat Aug 20 13:31:51 UTC 2022,-89,-13,-59,11,434746868,16.6574397212931
Sat Aug 20 13:31:54 UTC 2022,-84,-13,-47,-5,441391996,17.5760084234909
Sat Aug 20 13:31:57 UTC 2022,-84,-13,-47,3.4,445015658,9.77824653516139
Sat Aug 20 13:32:00 UTC 2022,-79,-13,-47,6.8,448941916,10.5183829613747
Sat Aug 20 13:32:03 UTC 2022,-79,-13,-47,8.2,454674762,15.1112939314294
Sat Aug 20 13:32:06 UTC 2022,-79,-13,-47,24.2,460167928,14.1782887908159
Sat Aug 20 13:32:09 UTC 2022,-74,-13,-47,22.4,466207864,16.3061818287991
Sat Aug 20 13:32:12 UTC 2022,-74,-13,-47,11.4,468438386,5.93251508559651
Sat Aug 20 13:32:15 UTC 2022,-83,-13,-47,-3.2,471155758,7.28508899073604
Sat Aug 20 13:32:18 UTC 2022,-65,-13,-37,21.6,473873130,7.16447345465313
Sat Aug 20 13:32:21 UTC 2022,-77,-13,-48,19.6,476283412,6.47237261480366
Sat Aug 20 13:32:24 UTC 2022,-70,-13,-42,21,479000784,7.38471998531369
Sat Aug 20 13:32:27 UTC 2022,-75,-8,-42,16.4,481773582,7.49642073650372
Sat Aug 20 13:32:30 UTC 2022,-75,-8,-42,17.4,484347146,6.92761030961014
Sat Aug 20 13:32:33 UTC 2022,-75,-8,-42,23,488788716,11.7418253899125
Sat Aug 20 13:32:36 UTC 2022,-85,-8,-55,15.2,500681338,31.411232731435
Sat Aug 20 13:32:39 UTC 2022,-85,-8,-55,13.4,512764206,32.6798271413127
Sat Aug 20 13:32:42 UTC 2022,-85,-8,-55,7,524340750,31.3645730762528
Sat Aug 20 13:32:45 UTC 2022,-92,-8,-55,-1.4,533099556,23.262018760719
Sat Aug 20 13:32:48 UTC 2022,-92,-8,-61,-2,543969044,28.9082275564364
Sat Aug 20 13:32:51 UTC 2022,-92,-8,-61,10.6,551514470,20.017431299988
Sat Aug 20 13:32:54 UTC 2022,-97,-13,-61,10,561179566,26.1032007046985
Sat Aug 20 13:32:57 UTC 2022,-97,-13,-61,1,572050552,29.3123228591698
Sat Aug 20 13:33:00 UTC 2022,-97,-13,-61,6.6,582320840,27.50693742854
Sat Aug 20 13:33:03 UTC 2022,-85,-13,-54,15.6,588968964,17.5261399269302
Sat Aug 20 13:33:06 UTC 2022,-92,-13,-64,7,597730766,22.880364232085
Sat Aug 20 13:33:09 UTC 2022,-92,-13,-64,12.8,609208442,30.9639523353079
Sat Aug 20 13:33:12 UTC 2022,-97,-13,-64,9.2,620681624,30.8697386234628
Sat Aug 20 13:33:15 UTC 2022,-97,-13,-64,5.4,628042796,19.5563021154206
Sat Aug 20 13:33:18 UTC 2022,-106,-13,-64,-7,635006998,18.1662978647033
Sat Aug 20 13:33:21 UTC 2022,-106,-13,-72,-2,644979184,26.6281106897495
Sat Aug 20 13:33:24 UTC 2022,-106,-13,-72,-0.8,654036092,24.514082687971
Sat Aug 20 13:33:27 UTC 2022,-106,-13,-72,-4.4,663524424,25.5134944428693
Sat Aug 20 13:33:30 UTC 2022,-106,-13,-72,-4,673246444,26.1373591596223
Sat Aug 20 13:33:33 UTC 2022,-106,-13,-66,-6,682012740,22.18407479044
Sat Aug 20 13:33:36 UTC 2022,-106,-13,-66,-1.4,690470448,23.0325110576669
Sat Aug 20 13:33:39 UTC 2022,-106,-13,-66,-1,697115576,16.5327079427697
Sat Aug 20 13:33:42 UTC 2022,-101,-13,-66,-0.2,703456610,17.1608691911587
Sat Aug 20 13:33:45 UTC 2022,-101,-13,-66,-0.2,711009526,19.5121652679863
Sat Aug 20 13:33:48 UTC 2022,-107,-19,-66,-8.8,716748364,15.4754047327544
Sat Aug 20 13:33:51 UTC 2022,-107,-19,-66,-8.2,720442432,10.0547710231707
Sat Aug 20 13:33:54 UTC 2022,-107,-19,-66,-8.2,724668290,11.2128812527215
Sat Aug 20 13:33:57 UTC 2022,-107,-19,-66,-5,729198242,12.1892600161785
Sat Aug 20 13:34:00 UTC 2022,-107,-19,-74,-0.2,732823402,9.80524005997862
Sat Aug 20 13:34:03 UTC 2022,-107,-19,-74,-0.2,736826058,10.5785865793897
Sat Aug 20 13:34:06 UTC 2022,-107,-19,-74,1.4,743468190,16.8817539869305
Sat Aug 20 13:34:09 UTC 2022,-100,-13,-68,3,749207028,15.1335133311712
Sat Aug 20 13:34:12 UTC 2022,-100,-13,-68,3,752228494,8.15126757344864
Sat Aug 20 13:34:15 UTC 2022,-105,-13,-68,-4.6,755246964,8.13902410503816
Sat Aug 20 13:34:18 UTC 2022,-105,-13,-68,2,757962838,7.18810568433065
Sat Aug 20 13:34:21 UTC 2022,-105,-13,-68,2,761161068,8.64907311169983
Sat Aug 20 13:34:24 UTC 2022,-105,-13,-77,4.2,764354804,8.45040127384298
Sat Aug 20 13:34:27 UTC 2022,-113,-13,-77,-3.4,767368780,8.05695656040167
Sat Aug 20 13:34:30 UTC 2022,-113,-13,-77,-1,770083156,7.34528148163972
Sat Aug 20 13:34:33 UTC 2022,-113,-13,-77,-3.8,772797532,6.87289306164192
Sat Aug 20 13:34:36 UTC 2022,-113,-18,-77,-4.6,775516402,7.32957492824542
Sat Aug 20 13:34:39 UTC 2022,-140,-3,0,-4.4,778835970,8.98382294699377
Sat Aug 20 13:34:42 UTC 2022,-140,-3,0,-4.4,784568816,15.0576866511784
Sat Aug 20 13:34:45 UTC 2022,-102,-12,-71,6.4,789401364,12.4555771910478
Sat Aug 20 13:34:48 UTC 2022,-107,-12,-71,2.6,794535010,13.7562518071815
Sat Aug 20 13:34:51 UTC 2022,-107,-12,-71,6,799969754,14.5438612212434
Sat Aug 20 13:34:54 UTC 2022,-107,-12,-71,4.2,806003698,16.2381326710684
Sat Aug 20 13:34:57 UTC 2022,-107,-12,-71,-4.8,812037642,16.0612788085379
Sat Aug 20 13:35:00 UTC 2022,-107,-18,-71,-2.2,814752018,7.33726803644912
Sat Aug 20 13:35:03 UTC 2022,-107,-18,-71,-9.8,819281970,12.3136965079843
Sat Aug 20 13:35:06 UTC 2022,-107,-18,-71,-4,823518314,11.3323246339229
Sat Aug 20 13:35:09 UTC 2022,-107,-18,-71,0.8,829562744,15.9957777961539
Sat Aug 20 13:35:12 UTC 2022,-107,-18,-71,-4.2,838633134,23.5853451590062
Sat Aug 20 13:35:15 UTC 2022,-107,-13,-71,-8,851017100,33.1443216706817
Sat Aug 20 13:35:18 UTC 2022,-94,-13,-63,10.8,864911050,37.1552296987448
Sat Aug 20 13:35:21 UTC 2022,-94,-13,-63,10.8,878802004,37.1027828166878
Sat Aug 20 13:35:24 UTC 2022,-94,-13,-63,8.4,894511530,41.8584591393773
Sat Aug 20 13:35:27 UTC 2022,-88,-13,-63,6.2,910222554,41.0867521124676
Sat Aug 20 13:35:30 UTC 2022,-88,-13,-63,6.2,924721696,38.6988016506216
Sat Aug 20 13:35:33 UTC 2022,-88,-13,-63,2.8,939614812,40.19359166994
Sat Aug 20 13:35:36 UTC 2022,-88,-13,-63,10.2,955550536,42.8485050186457
Sat Aug 20 13:35:39 UTC 2022,-88,-13,-63,10.2,967026714,28.9439217839562
Sat Aug 20 13:35:42 UTC 2022,-97,-13,-63,-1.2,977677494,28.5337341834717
Sat Aug 20 13:35:45 UTC 2022,-91,-13,-63,10.2,987953774,26.1249557166052
Sat Aug 20 13:35:48 UTC 2022,-91,-13,-63,10.2,997913976,26.7552634382974
Sat Aug 20 13:35:51 UTC 2022,-100,-13,-71,4.8,1008844882,29.3288104775846
Sat Aug 20 13:35:54 UTC 2022,-90,-13,-54,14.2,1023351514,38.8010022856454
Sat Aug 20 13:35:57 UTC 2022,-90,-13,-54,14.2,1037855150,39.0609119676014
Sat Aug 20 13:36:00 UTC 2022,-90,-13,-54,14.4,1053133252,41.0044571893621
Sat Aug 20 13:36:03 UTC 2022,-85,-13,-47,20.8,1069232258,42.7176309173711
Sat Aug 20 13:36:06 UTC 2022,-85,-13,-47,20.8,1083431800,38.4671834188559
Sat Aug 20 13:36:10 UTC 2022,-85,-13,-46,9.4,1101611528,48.5929595963958
Sat Aug 20 13:36:13 UTC 2022,-79,-13,-52,22.4,1116184072,33.3559251853704
Sat Aug 20 13:36:16 UTC 2022,-79,-13,-52,20.8,1130979818,39.6729153167525
Sat Aug 20 13:36:19 UTC 2022,-79,-13,-52,18.4,1146156056,40.2705772706768
Sat Aug 20 13:36:22 UTC 2022,-79,-13,-52,20.4,1158240422,32.4497057666596
Sat Aug 20 13:36:25 UTC 2022,-79,-13,-52,17.4,1173839096,42.0786986504053
Sat Aug 20 13:36:28 UTC 2022,-79,-13,-52,19,1189207078,40.9817065706355
Sat Aug 20 13:36:31 UTC 2022,-79,-13,-52,18.2,1205613174,43.4560365780602
Sat Aug 20 13:36:34 UTC 2022,-70,-8,-39,27,1220717508,36.9997992978582
Sat Aug 20 13:36:37 UTC 2022,-70,-8,-39,26,1235216650,38.8858095800336
Sat Aug 20 13:36:40 UTC 2022,-64,-8,-39,28.4,1248211800,34.0474024034112
Sat Aug 20 13:36:43 UTC 2022,-76,-13,-39,20.6,1263001554,38.4441587214109
Sat Aug 20 13:36:46 UTC 2022,-76,-13,-39,22.6,1278186780,40.7230595708002
Sat Aug 20 13:36:49 UTC 2022,-76,-13,-47,20.6,1294200400,43.0942947715827
Sat Aug 20 13:36:52 UTC 2022,-76,-13,-47,21.4,1310449206,43.7071927092791
Sat Aug 20 13:36:55 UTC 2022,-76,-8,-47,18,1326073346,37.6644693608846
Sat Aug 20 13:36:58 UTC 2022,-63,-8,-34,20.8,1340825650,38.4754856906646
Sat Aug 20 13:37:01 UTC 2022,-83,-8,-55,13.2,1356111242,41.1805463052401
Sat Aug 20 13:37:04 UTC 2022,-92,-8,-66,5.2,1368691446,33.7969948147144
Sat Aug 20 13:37:08 UTC 2022,-92,-8,-66,7.4,1378961734,27.127228625884
Sat Aug 20 13:37:11 UTC 2022,-98,-8,-66,-0.8,1385900470,17.9200121312171
Sat Aug 20 13:37:14 UTC 2022,-98,-16,-66,-4.8,1394961872,23.6938428026931
Sat Aug 20 13:37:17 UTC 2022,-98,-16,-66,4.2,1404625470,26.0634935704321
Sat Aug 20 13:37:19 UTC 2022,-98,-16,-66,0.8,1414898754,27.6442648173022
Sat Aug 20 13:37:22 UTC 2022,-98,-16,-66,3,1429384414,39.3508217194219
Sat Aug 20 13:37:26 UTC 2022,-88,-11,-60,10.4,1446606920,45.7787310115524
Sat Aug 20 13:37:29 UTC 2022,-88,-11,-60,3.4,1463146338,41.8013732148374
Sat Aug 20 13:37:32 UTC 2022,-94,-11,-60,4.6,1478915784,42.6888780217324
Sat Aug 20 13:37:35 UTC 2022,-94,-17,-60,6.2,1484050928,13.2861917110429
Sat Aug 20 13:37:38 UTC 2022,-94,-17,-41,-13.2,1499664582,42.549277024867
Sat Aug 20 13:37:41 UTC 2022,-66,-8,-41,23.4,1516272908,44.9101679895121
Sat Aug 20 13:37:44 UTC 2022,-66,-8,-41,23.8,1533478936,45.8171850664189
Sat Aug 20 13:37:47 UTC 2022,-66,-8,-41,23.2,1548885866,40.8799626395184
Sat Aug 20 13:37:50 UTC 2022,-66,-8,-41,24.4,1565594558,45.0101579645484
Sat Aug 20 13:37:53 UTC 2022,-66,-8,-41,24.6,1582914434,46.5491988440014
Sat Aug 20 13:37:56 UTC 2022,-66,-8,-41,22.6,1598850158,41.268363931549
Sat Aug 20 13:37:59 UTC 2022,-66,-8,-41,22.6,1616033716,46.5613047972925
Sat Aug 20 13:38:02 UTC 2022,-66,-8,-41,20.6,1632137216,40.3783196428948
Sat Aug 20 13:38:05 UTC 2022,-66,-8,-41,22.6,1649272838,45.3465169110642
Sat Aug 20 13:38:08 UTC 2022,-66,-8,-41,19.6,1665469214,41.9039181329828
Sat Aug 20 13:38:11 UTC 2022,-71,-8,-41,22.2,1682082034,44.8828025089061
Sat Aug 20 13:38:14 UTC 2022,-71,-8,-41,19.8,1699646084,46.9816964185845
Sat Aug 20 13:38:17 UTC 2022,-78,-8,-47,2.8,1715948818,41.0446443946632
Sat Aug 20 13:38:20 UTC 2022,-78,-8,-47,6,1732476252,44.3965321430068
Sat Aug 20 13:38:23 UTC 2022,-78,-8,-47,16.8,1749041136,44.5800679722892
Sat Aug 20 13:38:26 UTC 2022,-78,-8,-47,19,1765499662,44.0532402648938
Sat Aug 20 13:38:29 UTC 2022,-78,-8,-47,19.2,1782439046,45.7230483087552
Sat Aug 20 13:38:32 UTC 2022,-72,-8,-47,19,1799155228,44.0963162826863
Sat Aug 20 13:38:35 UTC 2022,-72,-8,-47,21.8,1815868414,44.4575224365827
Sat Aug 20 13:38:38 UTC 2022,-72,-8,-47,19.4,1832800308,45.2720960026016
Sat Aug 20 13:38:41 UTC 2022,-72,-8,-47,17.2,1849907468,45.3136353559705
Sat Aug 20 13:38:44 UTC 2022,-72,-8,-47,20.4,1866846852,44.8078235231038
Sat Aug 20 13:38:47 UTC 2022,-72,-8,-47,9.4,1883347322,43.8111803528383
Sat Aug 20 13:38:50 UTC 2022,-72,-8,-47,13.2,1900262738,45.330924821042
Sat Aug 20 13:38:53 UTC 2022,-72,-8,-47,10.4,1916884546,44.4220451538166
Sat Aug 20 13:38:56 UTC 2022,-72,-8,-47,10,1934083084,45.9250815234068
Sat Aug 20 13:38:59 UTC 2022,-72,-8,-47,11.8,1950662948,44.3172869865029
Sat Aug 20 13:39:02 UTC 2022,-72,-8,-47,7.2,1966084858,40.0821173461495
Sat Aug 20 13:39:05 UTC 2022,-83,-14,-47,-9,1981286562,40.2910985717179
Sat Aug 20 13:39:08 UTC 2022,-83,-14,-47,11.6,1997228278,43.2930886451051
Sat Aug 20 13:39:11 UTC 2022,-77,-14,-47,5.4,2013823122,44.8525659089066
Sat Aug 20 13:39:14 UTC 2022,-77,-14,-47,8.4,2031214902,44.1019269791113
Sat Aug 20 13:39:17 UTC 2022,-77,-14,-47,13.2,2047240506,40.9209515806457
Sat Aug 20 13:39:20 UTC 2022,-70,-9,-47,7.8,2063314046,42.5153489416015
Sat Aug 20 13:39:23 UTC 2022,-70,-9,-47,18.8,2079574836,43.2169247955269
Sat Aug 20 13:39:26 UTC 2022,-70,-9,-39,20.2,2095882064,43.9318151809743
Sat Aug 20 13:39:29 UTC 2022,-70,-9,-39,7.2,2111599080,40.9710307530832
Sat Aug 20 13:39:32 UTC 2022,-77,-9,-46,15.6,2128512998,45.1873597081632
Sat Aug 20 13:39:35 UTC 2022,-77,-9,-46,9.8,2144523622,40.6342482814101
Sat Aug 20 13:39:38 UTC 2022,-77,-9,-46,2,2159843668,41.318690057369
Sat Aug 20 13:39:41 UTC 2022,-77,-9,-46,14,2172444844,33.6528309222872
Sat Aug 20 13:39:44 UTC 2022,-77,-9,-46,12.2,2185001080,33.7880010703887
Sat Aug 20 13:39:47 UTC 2022,-77,-9,-46,5.4,2197689140,34.2502195515097
Sat Aug 20 13:39:50 UTC 2022,-77,-9,-52,16.2,2210076102,32.8721540235654
Sat Aug 20 13:39:53 UTC 2022,-83,-9,-52,11.6,2223062264,34.9818907602419
Sat Aug 20 13:39:56 UTC 2022,-83,-9,-52,9.4,2238776284,42.200495100014
Sat Aug 20 13:40:00 UTC 2022,-91,-9,-59,-1.8,2256290900,47.00229107782
Sat Aug 20 13:40:03 UTC 2022,-91,-9,-59,2.6,2269882254,32.0055825268201
Sat Aug 20 13:40:06 UTC 2022,-91,-15,-50,-7.4,2285395542,39.8720506823803
Sat Aug 20 13:40:09 UTC 2022,-86,-15,-50,3.2,2299995050,39.1317820500219
Sat Aug 20 13:40:12 UTC 2022,-86,-15,-50,0.2,2310019666,26.9382274245365
Sat Aug 20 13:40:15 UTC 2022,-86,-15,-50,-12.2,2326028792,43.3146121764866
Sat Aug 20 13:40:18 UTC 2022,-86,-15,-50,15.8,2342147272,42.0980988093611
Sat Aug 20 13:40:21 UTC 2022,-86,-15,-50,13.2,2359109126,44.4909777685474
Sat Aug 20 13:40:24 UTC 2022,-79,-15,-42,9.4,2374516056,39.1428678935024
Sat Aug 20 13:40:27 UTC 2022,-79,-15,-48,7.2,2389460104,40.1132284170289
Sat Aug 20 13:40:30 UTC 2022,-88,-15,-48,8.8,2404420630,40.2132365354125
Sat Aug 20 13:40:33 UTC 2022,-88,-15,-54,5.8,2421033450,44.6410211734696
Sat Aug 20 13:40:36 UTC 2022,-83,-15,-54,12.6,2434013620,32.5828998311997
Sat Aug 20 13:40:39 UTC 2022,-93,-15,-63,6.2,2447041726,35.0384785282543
Sat Aug 20 13:40:42 UTC 2022,-93,-15,-63,5.2,2459701324,34.1982851910563
Sat Aug 20 13:40:45 UTC 2022,-93,-15,-63,6.6,2469366420,26.0491999235147
Sat Aug 20 13:40:48 UTC 2022,-93,-15,-63,3.8,2479937806,28.3884493267671
Sat Aug 20 13:40:51 UTC 2022,-93,-15,-63,5.2,2489904000,25.8664080404957
Sat Aug 20 13:40:54 UTC 2022,-93,-15,-63,2.2,2499877684,26.8302214341617
Sat Aug 20 13:40:57 UTC 2022,-98,-15,-63,2.2,2509851368,26.9136692727941
Sat Aug 20 13:41:00 UTC 2022,-98,-15,-63,4,2520422754,28.5609940886363
Sat Aug 20 13:41:03 UTC 2022,-98,-15,-63,1.2,2530399434,26.8171766283876
Sat Aug 20 13:41:06 UTC 2022,-98,-15,-63,7.2,2541271918,29.2049414767902
Sat Aug 20 13:41:09 UTC 2022,-98,-15,-63,4.8,2553356284,32.402316415924
Sat Aug 20 13:41:12 UTC 2022,-98,-15,-63,6.4,2563632564,27.954941052469
Sat Aug 20 13:41:15 UTC 2022,-98,-15,-63,3.6,2574271360,28.9210063221231
Sat Aug 20 13:41:18 UTC 2022,-98,-15,-63,4.2,2585371540,29.6382467433821
Sat Aug 20 13:41:21 UTC 2022,-98,-15,-63,1,2600177772,40.0571711521526
Sat Aug 20 13:41:24 UTC 2022,-86,-15,-54,5.4,2614348852,37.2349307105722
Sat Aug 20 13:41:27 UTC 2022,-125,-125,-125,-125,2628371630,37.6021721187798
Sat Aug 20 13:41:30 UTC 2022,-95,-15,-53,10,2642431858,36.7881231517474
Sat Aug 20 13:41:33 UTC 2022,-95,-15,-62,7.8,2658318148,42.2868207209689
Sat Aug 20 13:41:36 UTC 2022,-95,-15,-62,5.2,2668882044,26.8791049636077
Sat Aug 20 13:41:39 UTC 2022,-100,-15,-62,-4.6,2680054128,29.3514940002055
Sat Aug 20 13:41:42 UTC 2022,-100,-15,-62,-4.6,2688815930,23.6504272387168
Sat Aug 20 13:41:45 UTC 2022,-100,-20,-62,-4.8,2700600696,31.0000029711672
Sat Aug 20 13:41:48 UTC 2022,-100,-20,-62,-3,2709660600,24.034838509434
Sat Aug 20 13:41:51 UTC 2022,-100,-20,-62,-3,2715399438,14.757193695839
Sat Aug 20 13:41:54 UTC 2022,-108,-20,-62,-6.6,2721738974,16.7850968009212
Sat Aug 20 13:41:57 UTC 2022,-100,-20,-62,-13.6,2728683702,17.8794293454555
Sat Aug 20 13:42:00 UTC 2022,-100,-20,-62,-13.6,2736229128,20.286626134016
Sat Aug 20 13:42:03 UTC 2022,-100,-20,-62,-6.8,2748314992,31.4103418568175
Sat Aug 20 13:42:06 UTC 2022,-94,-20,-62,-4,2758884880,28.8217316217662
Sat Aug 20 13:42:09 UTC 2022,-94,-20,-62,-4,2770662156,31.0863272257431
Sat Aug 20 13:42:12 UTC 2022,-94,-20,-62,-5,2779540802,23.9499267072582
Sat Aug 20 13:42:15 UTC 2022,-94,-14,-62,1,2789821576,27.7588235580041
Sat Aug 20 13:42:18 UTC 2022,-94,-14,-62,1,2801465530,31.3314251824015
Sat Aug 20 13:42:21 UTC 2022,-94,-14,-62,1.8,2812941708,31.0960862357814
Sat Aug 20 13:42:24 UTC 2022,-94,-14,-62,-2.8,2822299714,24.6582503294186
Sat Aug 20 13:42:27 UTC 2022,-125,-125,-125,-125,2833176692,29.0378533668333
Sat Aug 20 13:42:30 UTC 2022,-99,-14,-68,2,2841935498,23.7657576861866
Sat Aug 20 13:42:33 UTC 2022,-90,-14,-61,7.6,2848613582,18.0064280218318
Sat Aug 20 13:42:36 UTC 2022,-90,-14,-61,7.6,2853441636,13.0691055387656
Sat Aug 20 13:42:39 UTC 2022,-101,-14,-68,5.6,2857369392,10.4234289382385
Sat Aug 20 13:42:42 UTC 2022,-99,-14,-68,2.4,2867031492,25.7524073850622
Sat Aug 20 13:42:45 UTC 2022,-99,-14,-68,2.4,2874277318,19.6805340485428
Sat Aug 20 13:42:48 UTC 2022,-99,-14,-68,-1,2884544610,27.7317743184055
Sat Aug 20 13:42:51 UTC 2022,-99,-14,-68,-2,2895235836,27.9441648574328
Sat Aug 20 13:42:54 UTC 2022,-99,-14,-61,-0.2,2904908422,26.1094384299573
Sat Aug 20 13:42:57 UTC 2022,-99,-14,-61,-4,2917938026,35.2999360106228
Sat Aug 20 13:43:00 UTC 2022,-85,-14,-55,8,2930013404,32.1073586262748
Sat Aug 20 13:43:03 UTC 2022,-85,-14,-55,0.2,2942099268,30.4176215895611
Sat Aug 20 13:43:06 UTC 2022,-94,-19,-55,-6.4,2956908496,39.8564622119214
Sat Aug 20 13:43:09 UTC 2022,-86,-19,-55,1.2,2966265004,25.0456635354653
Sat Aug 20 13:43:12 UTC 2022,-86,-14,-55,5,2977732194,31.0802170145406
Sat Aug 20 13:43:15 UTC 2022,-96,-19,-55,-9.2,2994040920,43.3868593363003
Sat Aug 20 13:43:18 UTC 2022,-91,-14,-55,-1.6,3007937866,37.4583592995416
Sat Aug 20 13:43:21 UTC 2022,-100,-19,-55,-8.4,3023395728,41.9008674403407
Sat Aug 20 13:43:24 UTC 2022,-100,-19,-63,-6.6,3037286682,35.5804614772444
Sat Aug 20 13:43:27 UTC 2022,-100,-19,-63,1.8,3050647344,35.9430148628653
Sat Aug 20 13:43:30 UTC 2022,-100,-19,-63,-3.6,3058189774,19.3668151730226
Sat Aug 20 13:43:33 UTC 2022,-89,-13,-55,6.4,3067884830,26.2776379656778
Sat Aug 20 13:43:36 UTC 2022,-89,-13,-55,6.4,3077263808,25.1928537506477
Sat Aug 20 13:43:39 UTC 2022,-89,-13,-55,1.4,3086603838,24.9402299562453
Sat Aug 20 13:43:42 UTC 2022,-84,-13,-55,4.2,3097470330,29.4514391144367
Sat Aug 20 13:43:45 UTC 2022,-84,-13,-55,4.2,3113248764,42.2001291787774
Sat Aug 20 13:43:48 UTC 2022,-84,-13,-46,4,3130782854,46.2938755435145
Sat Aug 20 13:43:51 UTC 2022,-84,-13,-46,-2.6,3143891852,34.4932923366896
Sat Aug 20 13:43:54 UTC 2022,-84,-13,-46,-2.6,3154478218,28.6474013160312
Sat Aug 20 13:43:57 UTC 2022,-74,-13,-46,7.6,3165057094,28.6171618850106
Sat Aug 20 13:44:00 UTC 2022,-69,-13,-40,11.8,3176698052,30.8401710607475
Sat Aug 20 13:44:03 UTC 2022,-69,-13,-40,11.8,3187573532,27.7010096310972
Sat Aug 20 13:44:06 UTC 2022,-69,-13,-32,7.8,3199045216,31.0061083084142
Sat Aug 20 13:44:09 UTC 2022,-69,-13,-32,13.8,3210828484,29.6666008159941
Sat Aug 20 13:44:12 UTC 2022,-69,-13,-32,13.8,3219882396,24.3816719025809
Sat Aug 20 13:44:15 UTC 2022,-69,-13,-38,13,3231361570,31.0206479513997
Sat Aug 20 13:44:18 UTC 2022,-75,-13,-38,3,3243741042,32.4564514611948
Sat Aug 20 13:44:21 UTC 2022,-75,-13,-38,3,3254766322,29.9879500325094
Sat Aug 20 13:44:24 UTC 2022,-75,-13,-38,9.8,3266082214,30.721738167178
Sat Aug 20 13:44:27 UTC 2022,-84,-13,-53,5.2,3275739820,25.9324059006097
Sat Aug 20 13:44:30 UTC 2022,-84,-13,-53,5.2,3287520092,31.2992714680918
Sat Aug 20 13:44:33 UTC 2022,-74,-13,-43,19.8,3299904058,32.5339313445707
Sat Aug 20 13:44:36 UTC 2022,-80,-13,-43,9.6,3311688824,31.8023580614658
Sat Aug 20 13:44:39 UTC 2022,-80,-13,-43,9.6,3323467598,31.857332581586
Sat Aug 20 13:44:42 UTC 2022,-75,-13,-43,20.6,3334432958,29.6132709438217
Sat Aug 20 13:44:45 UTC 2022,-79,-13,-45,5.2,3346214728,31.6024200399736
Sat Aug 20 13:44:48 UTC 2022,-79,-13,-45,5.2,3357385314,30.0788854130718
Sat Aug 20 13:44:51 UTC 2022,-79,-13,-51,8.4,3368392618,28.6973491503716
Sat Aug 20 13:44:54 UTC 2022,-79,-13,-51,8,3379133278,28.4052844165378
Sat Aug 20 13:44:57 UTC 2022,-79,-13,-51,8,3390184024,29.4669640069267
Sat Aug 20 13:45:00 UTC 2022,-79,-13,-51,7.2,3400412368,27.0260449417414
Sat Aug 20 13:45:03 UTC 2022,-79,-13,-43,13.8,3411582954,30.103886089408
Sat Aug 20 13:45:06 UTC 2022,-79,-13,-43,13.8,3421842756,27.1543077904156
Sat Aug 20 13:45:09 UTC 2022,-79,-13,-43,17,3430164146,21.4033744991766
Sat Aug 20 13:45:12 UTC 2022,-79,-13,-43,10.2,3439216560,24.4888398881852
Sat Aug 20 13:45:16 UTC 2022,-79,-13,-43,10.2,3448274966,24.1146216210894
Sat Aug 20 13:45:19 UTC 2022,-79,-13,-43,8.4,3457628478,23.6095267023903
Sat Aug 20 13:45:22 UTC 2022,-79,-13,-43,8.4,3469225994,30.7042377767359
Sat Aug 20 13:45:25 UTC 2022,-79,-13,-43,8.4,3479190690,25.5410911468164
Sat Aug 20 13:45:28 UTC 2022,-79,-18,-60,-2.6,3492169362,35.2853866428552
Sat Aug 20 13:45:31 UTC 2022,-69,-13,-34,18.4,3505753226,34.0684068123387
Sat Aug 20 13:45:34 UTC 2022,-69,-13,-34,11,3520244878,39.1700591181932
Sat Aug 20 13:45:37 UTC 2022,-69,-13,-34,17.4,3533965060,36.1392767625319
Sat Aug 20 13:45:40 UTC 2022,-69,-13,-34,18.2,3548438736,39.0607126081049
Sat Aug 20 13:45:43 UTC 2022,-69,-13,-34,18.2,3562428558,37.1351344742863
Sat Aug 20 13:45:46 UTC 2022,-69,-13,-34,17.6,3576713486,37.9318584849229
Sat Aug 20 13:45:49 UTC 2022,-69,-13,-34,16.2,3591778872,40.6630886422707
Sat Aug 20 13:45:52 UTC 2022,-69,-13,-34,7,3606147688,38.0020692846588
Sat Aug 20 13:45:55 UTC 2022,-69,-13,-34,17.4,3620558448,38.4692926193953
Sat Aug 20 13:45:58 UTC 2022,-69,-13,-34,17.6,3634967710,38.5207819004181
Sat Aug 20 13:46:01 UTC 2022,-69,-13,-34,15.6,3648858664,37.1001881452602
Sat Aug 20 13:46:04 UTC 2022,-69,-13,-34,19.8,3663047720,38.3939702985226
Sat Aug 20 13:46:07 UTC 2022,-69,-13,-34,19.8,3676631584,36.4797166756601
Sat Aug 20 13:46:10 UTC 2022,-69,-13,-34,15.8,3690224436,36.1332181877184
Sat Aug 20 13:46:13 UTC 2022,-69,-13,-34,16.2,3704112394,37.3714662580768
Sat Aug 20 13:46:16 UTC 2022,-69,-13,-34,16.2,3717994360,37.4303121410088
Sat Aug 20 13:46:19 UTC 2022,-69,-13,-34,10.4,3731476360,35.6442883007933
Sat Aug 20 13:46:22 UTC 2022,-69,-13,-34,17.6,3745666914,37.0435436714934
Sat Aug 20 13:46:25 UTC 2022,-69,-13,-34,16.4,3758948182,34.7734500721596
Sat Aug 20 13:46:28 UTC 2022,-69,-13,-34,12.8,3771994264,35.1460894897875
Sat Aug 20 13:46:31 UTC 2022,-69,-13,-34,5.6,3784981924,34.9822389902986
Sat Aug 20 13:46:34 UTC 2022,-69,-13,-42,2.8,3799170980,38.0707421801462
Sat Aug 20 13:46:37 UTC 2022,-69,-13,-42,7.4,3810349056,27.8478091441453
Sat Aug 20 13:46:40 UTC 2022,-69,-13,-42,11,3818203070,21.0201756888266
Sat Aug 20 13:46:43 UTC 2022,-69,-13,-42,14.6,3827261476,24.3972516935932
Sat Aug 20 13:46:46 UTC 2022,-69,-13,-34,10,3839643944,33.2342676057187
Sat Aug 20 13:46:49 UTC 2022,-125,-125,-125,-125,3849000452,25.0982513954713
Sat Aug 20 13:46:52 UTC 2022,-69,-13,-34,15.2,3855381932,17.0753838943355
Sat Aug 20 13:46:55 UTC 2022,-69,-13,-34,8.8,3868014566,34.3485275683698
Sat Aug 20 13:46:58 UTC 2022,-69,-13,-34,4,3881303324,35.1946521248782
Sat Aug 20 13:47:01 UTC 2022,-69,-13,-34,3.8,3895765016,38.9389039543195
Sat Aug 20 13:47:04 UTC 2022,-69,-13,-34,0.4,3909384832,35.8537045412597
Sat Aug 20 13:47:07 UTC 2022,-69,-13,-34,-2.6,3922785940,35.0081473468901
Sat Aug 20 13:47:10 UTC 2022,-69,-13,-34,7.2,3936979490,38.3452460678945
Sat Aug 20 13:47:13 UTC 2022,-74,-13,-34,0.8,3948920048,31.2597341259814
Sat Aug 20 13:47:16 UTC 2022,-74,-13,-43,5.6,3962336136,36.0913453031702
Sat Aug 20 13:47:19 UTC 2022,-74,-13,-43,1.8,3975922996,36.3238124222197
Sat Aug 20 13:47:22 UTC 2022,-74,-13,-43,0.8,3989216248,34.9616330965942
Sat Aug 20 13:47:25 UTC 2022,-74,-13,-37,14.6,4003252508,37.8796362438483
Sat Aug 20 13:47:28 UTC 2022,-74,-13,-37,12.6,4017597356,37.7945684873155
Sat Aug 20 13:47:31 UTC 2022,-74,-13,-37,9.4,4031164742,34.4837205852917
Sat Aug 20 13:47:34 UTC 2022,-74,-13,-43,10.8,4045669876,38.9433263111867
Sat Aug 20 13:47:37 UTC 2022,-74,-13,-43,8.2,4058958634,33.0246653926282
Sat Aug 20 13:47:40 UTC 2022,-74,-13,-43,0.2,4073150686,38.257418187159
Sat Aug 20 13:47:43 UTC 2022,-74,-13,-43,6.2,4087350228,37.6031476104979
Sat Aug 20 13:47:46 UTC 2022,-74,-13,-43,0.6,4100035292,33.1149756949883
Sat Aug 20 13:47:49 UTC 2022,-125,-125,-125,-125,4112341362,33.4006471674465
Sat Aug 20 13:47:52 UTC 2022,-74,-13,-43,4.6,4125391938,34.1353364707302
Sat Aug 20 13:47:55 UTC 2022,-81,-18,-43,-9,4138808026,35.924920355811
Sat Aug 20 13:47:58 UTC 2022,-81,-18,-43,-6.8,4151494588,33.494223947627
Sat Aug 20 13:48:01 UTC 2022,-81,-18,-43,-4,4163872562,33.0571044980042
Sat Aug 20 13:48:04 UTC 2022,-86,-18,-43,-10,4172526508,22.3925576268658
Sat Aug 20 13:48:07 UTC 2022,-86,-18,-43,-9.2,4185506678,34.0898015091887
Sat Aug 20 13:48:10 UTC 2022,-73,-18,-43,7.6,4196681758,29.9486429807892
Sat Aug 20 13:48:14 UTC 2022,-73,-13,-37,2.2,4208760132,31.74830019384
Sat Aug 20 13:48:17 UTC 2022,-73,-13,-37,9.2,4219626624,28.7821499503658
Sat Aug 20 13:48:19 UTC 2022,-125,-125,-125,-125,4230502104,28.953871230436
Sat Aug 20 13:48:22 UTC 2022,-85,-13,-47,-3.2,4241193330,29.0300752020041
Sat Aug 20 13:48:25 UTC 2022,-80,-18,-47,-2.4,4250844944,26.146652857917
Sat Aug 20 13:48:28 UTC 2022,-80,-18,-47,-0.8,4262703112,31.9235814345653
Sat Aug 20 13:48:31 UTC 2022,-80,-18,-47,0.2,4273081256,27.4698622051435
Sat Aug 20 13:48:34 UTC 2022,-80,-18,-47,-2.6,4280324086,19.4857002521918
Sat Aug 20 13:48:37 UTC 2022,-80,-18,-47,-1.2,4290065580,26.2887257888012
Sat Aug 20 13:48:40 UTC 2022,-80,-18,-47,-1.6,4302143954,32.1900479748725
Sat Aug 20 13:48:43 UTC 2022,-80,-18,-47,-0.4,4310299066,21.3411571479351
Sat Aug 20 13:48:46 UTC 2022,-80,-18,-47,-2.8,4316966664,17.6337325862903
Sat Aug 20 13:48:49 UTC 2022,-80,-18,-47,-0.4,4325117282,22.1997393515834
Sat Aug 20 13:48:52 UTC 2022,-80,-18,-47,-4.8,4331762410,18.0062254180333
Sat Aug 20 13:48:55 UTC 2022,-86,-18,-47,-4.4,4341473944,26.3657149281297
Sat Aug 20 13:48:58 UTC 2022,-70,-13,-38,8.4,4352647526,29.6018511850132
Sat Aug 20 13:49:01 UTC 2022,-78,-13,-38,3.4,4365635186,34.8956049762404
Sat Aug 20 13:49:04 UTC 2022,-78,-13,-47,2.2,4376579574,27.9404259168171
Sat Aug 20 13:49:07 UTC 2022,-78,-13,-47,-1,4387681252,30.0505987639762
Sat Aug 20 13:49:10 UTC 2022,-78,-13,-39,-1,4400451702,34.6328443316036
Sat Aug 20 13:49:13 UTC 2022,-84,-18,-46,-2.8,4412909070,33.281908599546
Sat Aug 20 13:49:16 UTC 2022,-89,-18,-46,-5.4,4423777060,29.3115065031687
Sat Aug 20 13:49:19 UTC 2022,-89,-18,-46,-5.4,4439793676,42.6287161763394
Sat Aug 20 13:49:22 UTC 2022,-76,-9,-46,17.8,4455879200,42.948554984016
Sat Aug 20 13:49:25 UTC 2022,-76,-9,-46,7.4,4472784130,45.8007633786825
Sat Aug 20 13:49:28 UTC 2022,-76,-9,-46,12.4,4489711530,45.4470982395335
Sat Aug 20 13:49:31 UTC 2022,-76,-9,-46,13.2,4506150582,44.1798540136761
Sat Aug 20 13:49:34 UTC 2022,-70,-9,-37,21.4,4522459308,43.5001079927521
Sat Aug 20 13:49:37 UTC 2022,-70,-9,-44,17,4538763540,43.3171015383707
Sat Aug 20 13:49:40 UTC 2022,-70,-9,-44,13.8,4555443770,44.6648269954288
Sat Aug 20 13:49:43 UTC 2022,-70,-9,-44,14.8,4571737516,42.9500025553367
Sat Aug 20 13:49:46 UTC 2022,-82,-9,-52,13.8,4588040250,43.5650666853749
Sat Aug 20 13:49:49 UTC 2022,-87,-15,-52,-3.2,4603736294,41.4122388159591
Sat Aug 20 13:49:52 UTC 2022,-87,-15,-52,6.2,4619450314,41.8900570274789
Sat Aug 20 13:49:55 UTC 2022,-92,-15,-52,5.2,4630322798,29.245023749729
Sat Aug 20 13:49:58 UTC 2022,-87,-15,-52,0.4,4642705266,33.3401947582119
Sat Aug 20 13:50:01 UTC 2022,-94,-15,-52,-7.6,4655447254,34.1050914003401
Sat Aug 20 13:50:04 UTC 2022,-80,-10,-52,14.8,4668490340,34.8722233683623
Sat Aug 20 13:50:07 UTC 2022,-74,-10,-45,15.8,4681548406,34.9165028684272
Sat Aug 20 13:50:10 UTC 2022,-125,-125,-125,-125,4694224482,31.843729017483
Sat Aug 20 13:50:13 UTC 2022,-65,-10,-36,19.8,4707868266,36.4863072621953
Sat Aug 20 13:50:16 UTC 2022,-65,-10,-36,19.2,4721061152,35.1026095769979
Sat Aug 20 13:50:19 UTC 2022,-72,-10,-45,14,4734631534,36.4443251534398
Sat Aug 20 13:50:22 UTC 2022,-77,-10,-45,10.6,4748549452,37.3083372023758
Sat Aug 20 13:50:25 UTC 2022,-77,-10,-45,13.6,4759426430,29.0585901862242
Sat Aug 20 13:50:28 UTC 2022,-77,-10,-45,18.6,4773020780,36.5392436615041
Sat Aug 20 13:50:31 UTC 2022,-77,-10,-45,12.8,4785100652,31.1633991796291
Sat Aug 20 13:50:34 UTC 2022,-77,-10,-45,14,4797784218,33.6655560665393
Sat Aug 20 13:50:37 UTC 2022,-77,-10,-45,12,4810719448,34.587150644504
Sat Aug 20 13:50:40 UTC 2022,-125,-125,-125,-125,4822844260,32.3080534138216
Sat Aug 20 13:50:43 UTC 2022,-77,-10,-45,5.4,4834627528,31.4509654538984
Sat Aug 20 13:50:46 UTC 2022,-77,-10,-45,-2.6,4847317086,34.2426830874911
Sat Aug 20 13:50:49 UTC 2022,-77,-10,-45,-1.4,4859395460,32.0690369814402
Sat Aug 20 13:50:52 UTC 2022,-77,-10,-51,17,4872997300,36.7971355481772
Sat Aug 20 13:50:55 UTC 2022,-77,-10,-51,6,4885381266,32.771254832692
Sat Aug 20 13:50:58 UTC 2022,-77,-10,-51,15,4897157044,31.0599381012516
Sat Aug 20 13:51:02 UTC 2022,-77,-10,-51,15.6,4910501228,35.6186728503139
Sat Aug 20 13:51:05 UTC 2022,-77,-10,-51,13,4923322610,32.2848749510075
Sat Aug 20 13:51:08 UTC 2022,-84,-10,-51,5.8,4936004678,34.1955399701058
Sat Aug 20 13:51:11 UTC 2022,-78,-10,-51,11.8,4948384150,31.7821100076899
Sat Aug 20 13:51:14 UTC 2022,-78,-10,-51,10.6,4961151604,34.3758260848453
Sat Aug 20 13:51:17 UTC 2022,-78,-10,-51,10.4,4974148252,34.9467943350335
Sat Aug 20 13:51:20 UTC 2022,-78,-10,-43,-2,4986529222,32.6254801560646
Sat Aug 20 13:51:23 UTC 2022,-78,-10,-43,8.2,4999515384,35.1153506677534
Sat Aug 20 13:51:26 UTC 2022,-78,-15,-43,-2,5013109734,36.4591741830687
Sat Aug 20 13:51:29 UTC 2022,-78,-15,-43,9.4,5026398492,34.8680705127659
Sat Aug 20 13:51:32 UTC 2022,-78,-15,-43,15.8,5038783956,32.2599253463036
Sat Aug 20 13:51:35 UTC 2022,-86,-15,-54,15.8,5050862330,32.686339792562
Sat Aug 20 13:51:38 UTC 2022,-86,-15,-54,-5.6,5060824030,26.0694589443781
Sat Aug 20 13:51:41 UTC 2022,-96,-15,-60,4.2,5076048204,41.2256284339535
Sat Aug 20 13:51:44 UTC 2022,-91,-15,-60,-0.6,5081784046,15.0145772794132
Sat Aug 20 13:51:47 UTC 2022,-99,-20,-60,-8,5094469110,34.2960536816665
Sat Aug 20 13:51:50 UTC 2022,-92,-20,-60,1.8,5109565954,40.4624957420735
Sat Aug 20 13:51:53 UTC 2022,-87,-14,-60,4.6,5124664296,40.6459828789602
Sat Aug 20 13:51:56 UTC 2022,-82,-14,-50,3.8,5140366332,41.2191118163724
Sat Aug 20 13:51:59 UTC 2022,-82,-14,-50,2.8,5155163576,39.1113935749871
Sat Aug 20 13:52:02 UTC 2022,-74,-14,-43,9,5171509752,43.5470480442531
Sat Aug 20 13:52:05 UTC 2022,-74,-14,-43,4.2,5186614086,38.7507041917771
Sat Aug 20 13:52:08 UTC 2022,-74,-14,-43,-3.4,5202389524,42.3303903804543
Sat Aug 20 13:52:11 UTC 2022,-69,-14,-43,10.2,5218088564,41.1303128744057
Sat Aug 20 13:52:14 UTC 2022,-69,-14,-43,11,5233493996,40.5539732072302
Sat Aug 20 13:52:17 UTC 2022,-69,-14,-30,2.2,5249206518,42.1583850847036
Sat Aug 20 13:52:20 UTC 2022,-69,-14,-38,7.4,5264913048,41.4986178197891
Sat Aug 20 13:52:23 UTC 2022,-64,-14,-31,23.8,5280135724,40.7653203468748
Sat Aug 20 13:52:26 UTC 2022,-64,-14,-31,18.6,5295734398,40.4159729363132
Sat Aug 20 13:52:29 UTC 2022,-69,-14,-40,20.4,5310841728,39.2745538213593
Sat Aug 20 13:52:32 UTC 2022,-69,-14,-40,16.6,5325634478,39.4869779037653
Sat Aug 20 13:52:35 UTC 2022,-69,-14,-40,11.6,5342320700,44.5536529325996
Sat Aug 20 13:52:38 UTC 2022,-69,-9,-40,10.4,5357499934,36.3063713490493
Sat Aug 20 13:52:41 UTC 2022,-125,-125,-125,-125,5372035028,38.5381357104283
Sat Aug 20 13:52:44 UTC 2022,-69,-9,-40,15.6,5385961934,36.1103351152448
Sat Aug 20 13:52:47 UTC 2022,-69,-9,-40,19.6,5400156982,38.0601543598823
Sat Aug 20 13:52:50 UTC 2022,-69,-9,-31,12.2,5415856022,42.3946154746593
Sat Aug 20 13:52:54 UTC 2022,-69,-9,-40,17.6,5430952866,39.6483227162278
Sat Aug 20 13:52:57 UTC 2022,-69,-9,-40,9.4,5447556698,43.7307784910001
Sat Aug 20 13:53:00 UTC 2022,-64,-9,-34,12.4,5462716458,37.3663636611454
Sat Aug 20 13:53:03 UTC 2022,-70,-9,-41,8.4,5477754880,39.7561119404989
Sat Aug 20 13:53:06 UTC 2022,-70,-9,-41,12.6,5493540804,41.8761539744068
Sat Aug 20 13:53:09 UTC 2022,-70,-9,-41,14.2,5509555922,43.0044055215062
Sat Aug 20 13:53:12 UTC 2022,-125,-125,-125,-125,5524887952,40.8787408054836
Sat Aug 20 13:53:15 UTC 2022,-77,-9,-41,7.8,5541377936,42.838442006241
Sat Aug 20 13:53:18 UTC 2022,-77,-9,-41,8.8,5557084466,40.6874534628546
Sat Aug 20 13:53:21 UTC 2022,-77,-9,-41,8.8,5572570790,41.9055632732942
Sat Aug 20 13:53:24 UTC 2022,-77,-14,-41,4.6,5588332746,41.6680897146376
Sat Aug 20 13:53:27 UTC 2022,-77,-14,-41,2.8,5603735182,40.1619342305194
Sat Aug 20 13:53:30 UTC 2022,-77,-14,-41,2.8,5618960854,40.1510106212554
Sat Aug 20 13:53:33 UTC 2022,-77,-14,-41,7.8,5634358796,40.5472572644193
Sat Aug 20 13:53:36 UTC 2022,-77,-14,-41,3,5650666024,43.0930928056243
Sat Aug 20 13:53:40 UTC 2022,-77,-14,-41,3,5668791824,47.6702844163729
Sat Aug 20 13:53:43 UTC 2022,-85,-14,-52,3.4,5684188268,34.9064984201166
Sat Aug 20 13:53:46 UTC 2022,-85,-14,-52,-4.6,5699398960,41.2819561066255
Sat Aug 20 13:53:49 UTC 2022,-85,-14,-52,-4.6,5714802894,40.8946514559775
Sat Aug 20 13:53:52 UTC 2022,-85,-20,-46,-8.4,5728997942,37.2581050928497
Sat Aug 20 13:53:55 UTC 2022,-85,-20,-46,-9.4,5741280044,32.5320473034301
Sat Aug 20 13:53:58 UTC 2022,-85,-20,-46,-9.4,5755552988,37.5104436381552
Sat Aug 20 13:54:01 UTC 2022,-80,-15,-46,3,5769466412,37.771826879106
Sat Aug 20 13:54:04 UTC 2022,-80,-15,-46,8.2,5783363358,37.473541514382
Sat Aug 20 13:54:07 UTC 2022,-80,-15,-46,8.2,5796339034,33.9718753962533
Sat Aug 20 13:54:10 UTC 2022,-67,-15,-35,16.8,5810923562,39.3981224718194
Sat Aug 20 13:54:13 UTC 2022,-67,-15,-35,16.8,5826324500,40.7743830062001
Sat Aug 20 13:54:16 UTC 2022,-73,-10,-43,15,5840049176,36.3704462716381
Sat Aug 20 13:54:19 UTC 2022,-75,-10,-41,12.4,5853499718,36.2668659737779
Sat Aug 20 13:54:22 UTC 2022,-75,-10,-41,12.4,5867525492,37.8576924589062
Sat Aug 20 13:54:25 UTC 2022,-75,-10,-41,14.4,5882021638,39.136790276948
Sat Aug 20 13:54:28 UTC 2022,-82,-10,-51,4.4,5896525274,39.0017756589529
Sat Aug 20 13:54:31 UTC 2022,-82,-10,-51,4.4,5910465662,36.8594322505919
Sat Aug 20 13:54:34 UTC 2022,-82,-10,-51,10.6,5924259246,36.7355255576041
Sat Aug 20 13:54:37 UTC 2022,-75,-10,-51,20.6,5937455128,35.6488392721018
Sat Aug 20 13:54:40 UTC 2022,-75,-10,-51,20.6,5951221748,37.0706068317962
Sat Aug 20 13:54:43 UTC 2022,-75,-10,-41,19.2,5966007008,38.463055767435
Sat Aug 20 13:54:46 UTC 2022,-75,-10,-41,20.6,5980471696,38.4046501486145
Sat Aug 20 13:54:49 UTC 2022,-75,-10,-41,20.6,5991681230,30.1422594739199
Sat Aug 20 13:54:52 UTC 2022,-75,-10,-41,20.2,6004361800,34.1477799826861
Sat Aug 20 13:54:55 UTC 2022,-81,-10,-48,14,6017900724,36.6878302550131
Sat Aug 20 13:54:58 UTC 2022,-81,-10,-48,14,6030641214,34.3924906015739
Sat Aug 20 13:55:01 UTC 2022,-81,-10,-48,8.4,6044016856,34.119004565033
Sat Aug 20 13:55:04 UTC 2022,-92,-15,-57,-0.2,6057268164,35.3333923453848
Sat Aug 20 13:55:07 UTC 2022,-92,-15,-57,-0.2,6070853526,36.8080727438221
Sat Aug 20 13:55:10 UTC 2022,-92,-15,-51,5.4,6084260626,36.3785839411168
Sat Aug 20 13:55:13 UTC 2022,-125,-125,-125,-125,6095231978,28.9394476330557
Sat Aug 20 13:55:16 UTC 2022,-92,-15,-60,-0.4,6104892580,26.0141568116166
Sat Aug 20 13:55:19 UTC 2022,-92,-15,-60,-3,6117388896,33.2117314759846
Sat Aug 20 13:55:21 UTC 2022,-90,-8,-60,8.8,6130372062,35.2482516837528
Sat Aug 20 13:55:24 UTC 2022,-90,-8,-60,8.8,6143051134,34.3185890824402
Sat Aug 20 13:55:27 UTC 2022,-98,-8,-68,4,6151808442,23.5363728042215
Sat Aug 20 13:55:30 UTC 2022,-108,-13,-68,-5.2,6161161954,25.2388921249574
Sat Aug 20 13:55:33 UTC 2022,-108,-13,-68,-5.2,6166294102,13.812723069121
Sat Aug 20 13:55:36 UTC 2022,-108,-13,-68,-6.6,6172029944,15.1724515870884
Sat Aug 20 13:55:39 UTC 2022,-101,-13,-66,1.6,6179969344,21.4733291835618
Sat Aug 20 13:55:42 UTC 2022,-101,-13,-66,1.6,6189336338,25.1570619420111
Sat Aug 20 13:55:45 UTC 2022,-107,-13,-66,-7.8,6198875602,25.7651838762986
Sat Aug 20 13:55:48 UTC 2022,-107,-13,-66,-1.8,6208972122,26.6360747827275
Sat Aug 20 13:55:51 UTC 2022,-107,-13,-66,-1.8,6216217948,19.0068126894815
Sat Aug 20 13:55:54 UTC 2022,-99,-13,-66,-0.2,6221646700,14.6464798552842
Sat Aug 20 13:55:57 UTC 2022,-96,-13,-66,0.2,6231906502,27.6631986044873
Sat Aug 20 13:56:00 UTC 2022,-96,-13,-66,0.2,6246401150,39.0436916506248
Sat Aug 20 13:56:03 UTC 2022,-96,-13,-66,1.2,6260295100,36.4048353429263
Sat Aug 20 13:56:06 UTC 2022,-97,-13,-56,-9.8,6274058724,35.4577877185031
Sat Aug 20 13:56:09 UTC 2022,-97,-13,-56,-9.8,6287609632,36.5432781420236
Sat Aug 20 13:56:12 UTC 2022,-97,-13,-62,-1.2,6302481776,40.1640608356074
Sat Aug 20 13:56:15 UTC 2022,-91,-13,-62,-2.8,6317280518,39.7320717456155
Sat Aug 20 13:56:19 UTC 2022,-91,-13,-62,-2.8,6333586248,43.0296891430859
Sat Aug 20 13:56:21 UTC 2022,-85,-13,-54,5.2,6349903962,41.490414480421
Sat Aug 20 13:56:24 UTC 2022,-82,-13,-52,9.4,6366209692,43.9175686459442
Sat Aug 20 13:56:27 UTC 2022,-82,-13,-52,9.4,6382224810,42.9546430430401
Sat Aug 20 13:56:31 UTC 2022,-87,-13,-52,-3,6400048014,48.1427173832766
Sat Aug 20 13:56:34 UTC 2022,-87,-13,-52,-2,6416361234,42.137134099272
Sat Aug 20 13:56:37 UTC 2022,-87,-13,-52,-2,6433824918,46.7326581837481
Sat Aug 20 13:56:40 UTC 2022,-73,-13,-44,13.6,6450253484,42.7123243985195
Sat Aug 20 13:56:43 UTC 2022,-73,-13,-38,14.6,6467144932,45.533654760822
Sat Aug 20 13:56:46 UTC 2022,-73,-13,-38,14.6,6483799696,44.8440306132603
Sat Aug 20 13:56:49 UTC 2022,-73,-13,-47,23.2,6500709120,44.8861552433709
Sat Aug 20 13:56:52 UTC 2022,-79,-13,-47,18.2,6517703930,45.6238024226192
Sat Aug 20 13:56:55 UTC 2022,-79,-13,-47,18.2,6534841050,45.2932461592123
Sat Aug 20 13:56:58 UTC 2022,-95,-13,-62,5.6,6552742150,47.2945411698363
Sat Aug 20 13:57:01 UTC 2022,-95,-13,-62,5.6,6569118286,41.3611783438928
Sat Aug 20 13:57:04 UTC 2022,-95,-13,-62,9.2,6583374752,37.821563428522
Sat Aug 20 13:57:07 UTC 2022,-95,-13,-78,6.4,6592135056,23.5887920486567
Sat Aug 20 13:57:10 UTC 2022,-95,-13,-78,6.4,6605116724,33.5170517472259
Sat Aug 20 13:57:13 UTC 2022,-95,-13,-64,9,6617795796,34.1584807119832
Sat Aug 20 13:57:16 UTC 2022,-95,-20,-47,-14,6626849708,22.6377978236044
Sat Aug 20 13:57:19 UTC 2022,-95,-20,-47,-12,6636649624,25.7272208999032
Sat Aug 20 13:57:22 UTC 2022,-95,-11,-64,9.2,6649838016,34.5606763737386
Sat Aug 20 13:57:25 UTC 2022,-95,-11,-64,10.2,6662487128,33.196666567307
Sat Aug 20 13:57:28 UTC 2022,-95,-11,-64,-11,6672454820,26.8075040580771
Sat Aug 20 13:57:31 UTC 2022,-95,-11,-64,4.2,6683328802,29.2780909374709
Sat Aug 20 13:57:34 UTC 2022,-95,-11,-64,11.8,6691235246,19.9229283560486
Sat Aug 20 13:57:37 UTC 2022,-102,-11,-64,-13.6,6697273684,16.3054208335535
Sat Aug 20 13:57:40 UTC 2022,-102,-11,-70,6.8,6706242210,23.2799323620584
Sat Aug 20 13:57:43 UTC 2022,-102,-11,-70,-1.4,6710560944,11.1843887750309
Sat Aug 20 13:57:46 UTC 2022,-102,-20,-59,-12.2,6712671626,5.66616677213087
Sat Aug 20 13:57:49 UTC 2022,-114,-20,-65,-14.2,6718172282,14.4920206511271
Sat Aug 20 13:57:53 UTC 2022,-104,-13,-65,-0.8,6723000336,13.0804579288148
Sat Aug 20 13:57:55 UTC 2022,-104,-13,-65,-6.2,6727524296,11.5469189393919
Sat Aug 20 13:57:58 UTC 2022,-93,-13,-65,7.6,6736281604,23.8477246493416
Sat Aug 20 13:58:01 UTC 2022,-93,-13,-65,2.4,6748052888,31.8527216881296
Sat Aug 20 13:58:04 UTC 2022,-93,-13,-59,1.2,6757162226,24.1506656746513
Sat Aug 20 13:58:08 UTC 2022,-93,-13,-59,4.6,6765010248,21.0953012303743
Sat Aug 20 13:58:11 UTC 2022,-93,-13,-65,8.6,6774968952,25.773222053203
Sat Aug 20 13:58:13 UTC 2022,-87,-13,-59,16,6781913680,18.4247583646972
Sat Aug 20 13:58:16 UTC 2022,-87,-13,-59,9.8,6789460604,20.3391944372039
Sat Aug 20 13:58:19 UTC 2022,-87,-13,-52,12.2,6797305630,21.0046076419452
Sat Aug 20 13:58:22 UTC 2022,-82,-13,-52,3.6,6803050460,15.4824098464587
Sat Aug 20 13:58:25 UTC 2022,-82,-13,-46,19.4,6805767832,7.30682644572064
Sat Aug 20 13:58:28 UTC 2022,-72,-13,-39,21.4,6808485204,7.28043233629473
Sat Aug 20 13:58:32 UTC 2022,-72,-13,-46,3,6811201078,7.33793377087813
Sat Aug 20 13:58:34 UTC 2022,-72,-13,-46,4.2,6813915454,6.89799837375017
Sat Aug 20 13:58:38 UTC 2022,-72,-13,-46,19,6816631328,7.31545723052416
Sat Aug 20 13:58:41 UTC 2022,-72,-8,-46,13.6,6819350198,7.1685350155583
Sat Aug 20 13:58:44 UTC 2022,-72,-8,-46,14,6824781946,14.2441189826137
Sat Aug 20 13:58:47 UTC 2022,-72,-8,-38,14.2,6827798918,8.08982361734885
Sat Aug 20 13:58:49 UTC 2022,-72,-8,-45,18.6,6830519286,7.36052472478717
Sat Aug 20 13:58:53 UTC 2022,-72,-8,-45,13.6,6833263622,7.37391337381013
Sat Aug 20 13:58:56 UTC 2022,-72,-8,-45,18,6835982492,7.04637660906235
Sat Aug 20 13:58:59 UTC 2022,-62,-8,-34,23,6838698366,7.1849242927108
Sat Aug 20 13:59:02 UTC 2022,-75,-8,-49,18.6,6840876458,5.8488013959653
Sat Aug 20 13:59:05 UTC 2022,-65,-8,-34,23,6843897924,8.18886386974384
Sat Aug 20 13:59:08 UTC 2022,-76,-8,-47,17.2,6846887932,7.94147228143693
Sat Aug 20 13:59:10 UTC 2022,-76,-8,-47,21.8,6849901908,8.13874268335977
Sat Aug 20 13:59:13 UTC 2022,-82,-8,-55,13.2,6853276902,9.18346183811167
Sat Aug 20 13:59:16 UTC 2022,-82,-8,-49,17.2,6855937350,6.99385969834774
Sat Aug 20 13:59:19 UTC 2022,-82,-8,-49,18,6858653224,7.27607340128151
Sat Aug 20 13:59:22 UTC 2022,-82,-8,-49,13.8,6862877584,11.3842911070488
Sat Aug 20 13:59:25 UTC 2022,-82,-8,-49,15.6,6869215622,16.6491279981854
Sat Aug 20 13:59:28 UTC 2022,-82,-8,-57,13,6876164844,18.8060561441351
Sat Aug 20 13:59:32 UTC 2022,-82,-8,-57,20.2,6884812798,22.9343165989425
Sat Aug 20 13:59:35 UTC 2022,-125,-125,-125,-125,6891811454,18.2155427798846
Sat Aug 20 13:59:37 UTC 2022,-91,-8,-57,13.2,6899965068,21.9649188278181
Sat Aug 20 13:59:40 UTC 2022,-91,-8,-57,10.2,6909327568,25.1318705907535
Sat Aug 20 13:59:43 UTC 2022,-91,-8,-57,8,6920493660,30.0340629455733
Sat Aug 20 13:59:47 UTC 2022,-91,-8,-57,12,6930037418,25.3149047674263
Sat Aug 20 13:59:50 UTC 2022,-91,-8,-63,12.2,6939220158,23.3134458303729
Sat Aug 20 13:59:53 UTC 2022,-91,-8,-63,10.6,6945254102,16.3232744513267
Sat Aug 20 13:59:56 UTC 2022,-84,-8,-57,18.2,6951589144,16.9272074950424
Sat Aug 20 13:59:59 UTC 2022,-84,-8,-57,15,6957161704,15.139115949366
Sat Aug 20 14:00:02 UTC 2022,-102,-8,-74,3.6,6961857934,12.1970704367095
Sat Aug 20 14:00:05 UTC 2022,-125,-125,-125,-125,6966119744,11.3445158463345
Sat Aug 20 14:00:08 UTC 2022,-102,-13,-64,-8.4,6970646700,12.2760458511994
Sat Aug 20 14:00:11 UTC 2022,-102,-13,-72,1,6976384040,15.2220656095145
Sat Aug 20 14:00:14 UTC 2022,-102,-13,-72,2,6981817286,14.7120669060689
Sat Aug 20 14:00:17 UTC 2022,-102,-13,-72,0.8,6985745042,10.3053473020807
Sat Aug 20 14:00:20 UTC 2022,-102,-13,-72,-1,6989672798,10.538247666326
Sat Aug 20 14:00:22 UTC 2022,-110,-13,-72,-6.4,6993104716,9.25522953273301
Sat Aug 20 14:00:25 UTC 2022,-110,-13,-72,-2.2,6995820590,7.30282588633712
Sat Aug 20 14:00:28 UTC 2022,-110,-13,-72,5.6,6998924446,8.41221306750596
Sat Aug 20 14:00:31 UTC 2022,-116,-13,-81,-7,7001339222,6.59468756144765
Sat Aug 20 14:00:34 UTC 2022,-103,-13,-73,0.4,7004363684,8.01452527405404
Sat Aug 20 14:00:37 UTC 2022,-103,-13,-73,5.8,7007081056,7.23257350130376
Sat Aug 20 14:00:40 UTC 2022,-112,-13,-73,-6.4,7010098028,8.18231713440619
Sat Aug 20 14:00:43 UTC 2022,-104,-13,-73,-0.2,7012873822,7.39465239230494
Sat Aug 20 14:00:47 UTC 2022,-104,-18,-73,-3.6,7015889296,7.91043142085388
Sat Aug 20 14:00:50 UTC 2022,-104,-18,-73,1,7018606668,6.93898661330988
Sat Aug 20 14:00:53 UTC 2022,-104,-18,-73,3.4,7021622142,7.93998493722191
Sat Aug 20 14:00:56 UTC 2022,-104,-18,-73,7,7024639114,7.84635459764213
Sat Aug 20 14:00:59 UTC 2022,-104,-11,-73,8.6,7028047064,9.29062879950669
Sat Aug 20 14:01:02 UTC 2022,-98,-11,-73,-0.8,7031669228,9.57090517374653
Sat Aug 20 14:01:05 UTC 2022,-98,-11,-73,6.8,7034987298,8.96173414443022
Sat Aug 20 14:01:08 UTC 2022,-106,-11,-73,-1.2,7038305368,8.53297669843548
Sat Aug 20 14:01:11 UTC 2022,-106,-11,-73,1,7041624936,9.04970413348736
Sat Aug 20 14:01:14 UTC 2022,-106,-11,-73,6.2,7044944504,8.97073204519399
Sat Aug 20 14:01:17 UTC 2022,-106,-11,-73,3.4,7047968966,8.13617251673546
Sat Aug 20 14:01:19 UTC 2022,-106,-11,-73,6.2,7051290032,8.98555670371763
Sat Aug 20 14:01:22 UTC 2022,-106,-17,-79,-1.8,7054002910,7.3305986025563
Sat Aug 20 14:01:25 UTC 2022,-113,-17,-79,-7.6,7057031866,7.95702147730844
Sat Aug 20 14:01:28 UTC 2022,-113,-17,-79,-8.6,7059746242,7.35011760779569
Sat Aug 20 14:01:31 UTC 2022,-113,-17,-79,-5.2,7062459120,7.26540735544539
Sat Aug 20 14:01:34 UTC 2022,-113,-17,-79,-7.6,7065176492,7.37763948104347
Sat Aug 20 14:01:37 UTC 2022,-113,-17,-79,-4.6,7067892366,7.23044558798853
Sat Aug 20 14:01:40 UTC 2022,-113,-17,-79,-5.2,7070909338,7.93811334672027
Sat Aug 20 14:01:44 UTC 2022,-113,-17,-79,-4.8,7073625212,7.21774292975799
Sat Aug 20 14:01:46 UTC 2022,-113,-17,-79,-2,7076339588,7.13131473150755
Sat Aug 20 14:01:49 UTC 2022,-113,-17,-79,-1.2,7079058458,7.33027366004572
Sat Aug 20 14:01:52 UTC 2022,-113,-17,-79,-2,7081557122,6.64341224625907
Sat Aug 20 14:01:55 UTC 2022,-113,-17,-79,-2.4,7084574094,8.0498752083834
Sat Aug 20 14:01:59 UTC 2022,-113,-17,-79,-1,7087288470,7.27760116176239
Sat Aug 20 14:02:02 UTC 2022,-113,-17,-79,-3,7090037300,7.08449205959374
Sat Aug 20 14:02:04 UTC 2022,-113,-17,-79,-1.8,7092449080,6.57056996500529
Sat Aug 20 14:02:07 UTC 2022,-113,-17,-79,-5.2,7095280300,7.63472539980083
Sat Aug 20 14:02:11 UTC 2022,-113,-17,-79,2.6,7097997672,7.34574863314861
Sat Aug 20 14:02:14 UTC 2022,-113,-17,-79,-5.4,7101017640,7.73629775786757
Sat Aug 20 14:02:17 UTC 2022,-113,-17,-79,-2.2,7103735012,7.33695377082002
Sat Aug 20 14:02:20 UTC 2022,-113,-17,-79,0.4,7106452384,7.31127983274775
Sat Aug 20 14:02:22 UTC 2022,-113,-17,-79,-4,7109168258,7.21792663296513
Sat Aug 20 14:02:26 UTC 2022,-125,-125,-125,-125,7111968020,7.55277121950729
Sat Aug 20 14:02:29 UTC 2022,-113,-17,-79,-0.8,7114683894,6.84201105633829
Sat Aug 20 14:02:32 UTC 2022,-113,-17,-79,-2.8,7118001964,8.90757637629898
Sat Aug 20 14:02:35 UTC 2022,-103,-17,-69,0.6,7127362966,25.2874906689885
Sat Aug 20 14:02:38 UTC 2022,-97,-17,-69,12.2,7141550524,38.1741074038303
Sat Aug 20 14:02:41 UTC 2022,-97,-11,-69,5,7157236082,40.847398445374
Sat Aug 20 14:02:44 UTC 2022,-90,-11,-60,15.6,7174161984,44.9348835118993
Sat Aug 20 14:02:47 UTC 2022,-90,-11,-60,10.4,7190774804,43.8716911641919
Sat Aug 20 14:02:50 UTC 2022,-90,-11,-60,14,7207684228,45.4687098092342
Sat Aug 20 14:02:53 UTC 2022,-90,-11,-60,11.8,7224981634,46.7890658329332
Sat Aug 20 14:02:56 UTC 2022,-125,-125,-125,-125,7241595952,42.6832569599476
Sat Aug 20 14:02:59 UTC 2022,-91,-11,-60,9.2,7259104576,46.6478634249089
Sat Aug 20 14:03:02 UTC 2022,-91,-11,-60,12.4,7275404314,43.053469408826
Sat Aug 20 14:03:05 UTC 2022,-91,-11,-60,9.6,7292015636,44.9395742715962
Sat Aug 20 14:03:08 UTC 2022,-91,-11,-60,12.8,7308327358,44.2649785389902
Sat Aug 20 14:03:11 UTC 2022,-91,-11,-60,16.2,7324785884,44.2599439073851
Sat Aug 20 14:03:14 UTC 2022,-91,-11,-60,19.2,7340490916,40.9986762085013
Sat Aug 20 14:03:17 UTC 2022,-82,-11,-60,19.6,7357091752,43.442655728511
Sat Aug 20 14:03:20 UTC 2022,-82,-11,-60,17.4,7374017654,45.7266715459287
Sat Aug 20 14:03:23 UTC 2022,-77,-11,-48,16.2,7390700880,44.9305278362491
Sat Aug 20 14:03:26 UTC 2022,-77,-11,-48,28.4,7406226152,42.0525666800841
Sat Aug 20 14:03:29 UTC 2022,-77,-11,-48,25,7408639430,6.49272758680036
Sat Aug 20 14:03:32 UTC 2022,-77,-11,-41,23.2,7411660896,7.85717009174428
Sat Aug 20 14:03:35 UTC 2022,-77,-11,-48,15.6,7414376770,7.18451803072899
Sat Aug 20 14:03:38 UTC 2022,-77,-11,-48,7.4,7424338470,26.9101324410654
Sat Aug 20 14:03:41 UTC 2022,-77,-11,-48,15.8,7438272866,36.5928885062559
Sat Aug 20 14:03:44 UTC 2022,-77,-11,-48,10.2,7450977404,33.0020678476177
Sat Aug 20 14:03:47 UTC 2022,-77,-11,-48,12.4,7463358374,32.0757823477243
Sat Aug 20 14:03:50 UTC 2022,-77,-11,-48,15,7469702404,16.9912280591945
Sat Aug 20 14:03:53 UTC 2022,-85,-11,-56,11.6,7478154120,22.7741117699175
Sat Aug 20 14:03:56 UTC 2022,-90,-11,-56,16.2,7486911428,23.5852642304011
Sat Aug 20 14:03:59 UTC 2022,-90,-11,-56,12.6,7499891598,35.0400931532753
Sat Aug 20 14:04:02 UTC 2022,-90,-11,-62,10.6,7508424206,22.910152698817
Sat Aug 20 14:04:05 UTC 2022,-90,-11,-62,4.6,7516285710,20.5135719912824
Sat Aug 20 14:04:08 UTC 2022,-90,-11,-62,10.2,7525267718,24.3253411767547
Sat Aug 20 14:04:11 UTC 2022,-90,-11,-62,10.4,7535750722,28.1999918447903
Sat Aug 20 14:04:14 UTC 2022,-90,-11,-62,16.6,7547685288,31.6173300612417
Sat Aug 20 14:04:17 UTC 2022,-96,-11,-62,10.4,7556138502,22.729187894223
Sat Aug 20 14:04:20 UTC 2022,-96,-11,-62,14,7564587222,21.6073950485548
Sat Aug 20 14:04:23 UTC 2022,-96,-11,-62,18,7573347526,23.5390728420885
Sat Aug 20 14:04:26 UTC 2022,-96,-11,-62,12,7582713022,25.1685069615108
Sat Aug 20 14:04:29 UTC 2022,-96,-11,-62,2.6,7590862142,21.7232885848915
Sat Aug 20 14:04:32 UTC 2022,-96,-11,-62,13,7597508768,18.00812155763
Sat Aug 20 14:04:35 UTC 2022,-96,-11,-62,7.6,7607773064,25.9849675955771
Sat Aug 20 14:04:38 UTC 2022,-96,-11,-62,8.2,7617731768,26.2942516960615
Sat Aug 20 14:04:41 UTC 2022,-96,-11,-62,11.6,7625882386,21.9695969957496
Sat Aug 20 14:04:44 UTC 2022,-96,-11,-62,12.2,7634335600,22.3306045474413
Sat Aug 20 14:04:47 UTC 2022,-96,-11,-68,13.4,7648109710,36.9782248599919
Sat Aug 20 14:04:50 UTC 2022,-96,-11,-68,13.2,7661402962,35.7560613049297
Sat Aug 20 14:04:53 UTC 2022,-96,-11,-68,13.2,7674079038,32.9337619024731
Sat Aug 20 14:04:56 UTC 2022,-96,-11,-68,12.4,7686862970,34.2663575964524
Sat Aug 20 14:04:59 UTC 2022,-96,-11,-68,12.8,7700142740,35.9261215453722
Sat Aug 20 14:05:02 UTC 2022,-96,-11,-68,12.8,7706007410,15.1998268996063
