Time,ecioVal_signal_info(dB),rssiumts_signal_info(dBm),Sent Bytes,RATE(MBit/s)
Sat Aug 20 13:28:14 UTC 2022,-12.5,-70.0,94789,0
Sat Aug 20 13:28:18 UTC 2022,-12.5,-70.0,94789,0.0
Sat Aug 20 13:28:21 UTC 2022,-11.0,-70.0,94789,0.0
Sat Aug 20 13:28:24 UTC 2022,-9.5,-70.0,94789,0.0
Sat Aug 20 13:28:27 UTC 2022,-9.5,-70.0,94789,0.0
Sat Aug 20 13:28:30 UTC 2022,-9.5,-70.0,94789,0.0
Sat Aug 20 13:28:33 UTC 2022,-11.5,-70.0,94789,0.0
Sat Aug 20 13:28:36 UTC 2022,-11.5,-70.0,94789,0.0
Sat Aug 20 13:28:39 UTC 2022,-8.0,-70.0,94789,0.0
Sat Aug 20 13:28:42 UTC 2022,-12.0,-70.0,94789,0.0
Sat Aug 20 13:28:45 UTC 2022,-9.5,-70.0,94789,0.0
Sat Aug 20 13:28:48 UTC 2022,-11.5,-70.0,94789,0.0
Sat Aug 20 13:28:51 UTC 2022,-10.0,-70.0,3688911,9.693580189298087
Sat Aug 20 13:28:54 UTC 2022,-10.0,-70.0,9106117,13.337648433209033
Sat Aug 20 13:28:57 UTC 2022,-10.0,-70.0,14581599,14.357512003738416
Sat Aug 20 13:29:00 UTC 2022,-12.0,-70.0,19935597,14.133444107036675
Sat Aug 20 13:29:03 UTC 2022,-12.0,-70.0,25240088,13.933458344602208
Sat Aug 20 13:29:06 UTC 2022,-12.0,-70.0,30664492,14.427825332767025
Sat Aug 20 13:29:09 UTC 2022,-12.0,-70.0,36082910,14.422053222147515
Sat Aug 20 13:29:12 UTC 2022,-12.0,-70.0,41230187,13.892104622922712
Sat Aug 20 13:29:15 UTC 2022,-12.0,-70.0,46960113,15.11826955028171
Sat Aug 20 13:29:18 UTC 2022,-12.0,-76.0,52351415,13.941618794748624
Sat Aug 20 13:29:21 UTC 2022,-8.5,-76.0,57780167,14.378554598255128
Sat Aug 20 13:29:24 UTC 2022,-12.0,-76.0,62919805,13.728231649508869
Sat Aug 20 13:29:27 UTC 2022,-12.0,-76.0,67999523,13.775592152879138
Sat Aug 20 13:29:30 UTC 2022,-12.0,-76.0,73133169,13.811257329983256
Sat Aug 20 13:29:33 UTC 2022,-12.0,-76.0,78560423,14.609789496750478
Sat Aug 20 13:29:36 UTC 2022,-10.5,-76.0,83386979,12.71358851292352
Sat Aug 20 13:29:39 UTC 2022,-10.5,-76.0,88815731,14.628299754049886
Sat Aug 20 13:29:42 UTC 2022,-10.5,-76.0,93947879,13.791139499052138
Sat Aug 20 13:29:45 UTC 2022,-10.5,-76.0,99399101,14.487595690243028
Sat Aug 20 13:29:48 UTC 2022,-10.5,-76.0,104832347,14.819998892334844
Sat Aug 20 13:29:51 UTC 2022,-10.5,-70.0,110264095,14.342431693153687
Sat Aug 20 13:29:54 UTC 2022,-5.5,-70.0,115394745,13.782693488116646
Sat Aug 20 13:29:57 UTC 2022,-9.5,-70.0,119923199,12.24758624712729
Sat Aug 20 13:30:00 UTC 2022,-12.0,-70.0,124739761,12.935228019195176
Sat Aug 20 13:30:03 UTC 2022,-12.0,-70.0,129242618,12.008844733687502
Sat Aug 20 13:30:06 UTC 2022,-12.0,-70.0,134959943,15.499151982875203
Sat Aug 20 13:30:09 UTC 2022,-7.0,-70.0,140085093,13.559103121607185
Sat Aug 20 13:30:12 UTC 2022,-125,-125,145214397,13.745367939494203
Sat Aug 20 13:30:15 UTC 2022,-10.5,-62.0,150649217,14.75306521749917
Sat Aug 20 13:30:18 UTC 2022,-6.0,-62.0,156078279,14.679728897097688
Sat Aug 20 13:30:21 UTC 2022,-10.5,-62.0,161210503,13.743907282533355
Sat Aug 20 13:30:24 UTC 2022,-14.5,-62.0,166159895,13.179451357837397
Sat Aug 20 13:30:27 UTC 2022,-11.5,-62.0,171287549,13.795392715651754
Sat Aug 20 13:30:30 UTC 2022,-11.5,-62.0,176421235,13.786856005275538
Sat Aug 20 13:30:33 UTC 2022,-11.5,-62.0,181953349,14.9374458136384
Sat Aug 20 13:30:36 UTC 2022,-9.0,-62.0,187286229,14.054086946262338
Sat Aug 20 13:30:39 UTC 2022,-12.0,-62.0,192409617,13.944234359584227
Sat Aug 20 13:30:42 UTC 2022,-6.0,-62.0,197835449,14.093621652637857
Sat Aug 20 13:30:45 UTC 2022,-6.0,-62.0,203265927,14.494575285133275
Sat Aug 20 13:30:48 UTC 2022,-6.0,-62.0,208697751,14.693185740820239
Sat Aug 20 13:30:51 UTC 2022,-4.5,-62.0,214128229,14.47942756953001
Sat Aug 20 13:30:54 UTC 2022,-6.0,-62.0,219258955,13.743118218381754
Sat Aug 20 13:30:57 UTC 2022,-13.5,-62.0,224386761,13.776293588672987
Sat Aug 20 13:31:00 UTC 2022,-11.5,-62.0,229811171,14.28149279460962
Sat Aug 20 13:31:03 UTC 2022,-13.5,-69.0,235248987,14.777548619436851
Sat Aug 20 13:31:06 UTC 2022,-11.5,-69.0,240676281,13.794054785361125
Sat Aug 20 13:31:09 UTC 2022,-10.0,-69.0,245805585,13.815940059795551
Sat Aug 20 13:31:12 UTC 2022,-8.5,-69.0,250933315,13.854418894526953
Sat Aug 20 13:31:15 UTC 2022,-10.5,-69.0,256360873,14.351003908544737
Sat Aug 20 13:31:18 UTC 2022,-13.0,-69.0,261488679,13.873084115524206
Sat Aug 20 13:31:21 UTC 2022,-13.0,-69.0,266922001,14.682032844937563
Sat Aug 20 13:31:24 UTC 2022,-11.0,-69.0,272353901,14.622987944713788
Sat Aug 20 13:31:27 UTC 2022,-7.5,-69.0,277179263,12.363083101563062
Sat Aug 20 13:31:30 UTC 2022,-7.5,-69.0,280194813,7.924360577000697
Sat Aug 20 13:31:33 UTC 2022,-5.0,-69.0,285025863,12.728974035935352
Sat Aug 20 13:31:36 UTC 2022,-5.0,-69.0,290035327,13.59980186687841
Sat Aug 20 13:31:39 UTC 2022,-13.0,-69.0,295283125,14.222874129045566
Sat Aug 20 13:31:42 UTC 2022,-4.5,-69.0,299810157,11.92802206246891
Sat Aug 20 13:31:45 UTC 2022,-4.5,-69.0,304940883,13.369998627821305
Sat Aug 20 13:31:48 UTC 2022,-6.5,-69.0,310067115,13.937838344784154
Sat Aug 20 13:31:51 UTC 2022,-5.0,-69.0,315500361,14.742931642052227
Sat Aug 20 13:31:54 UTC 2022,-10.5,-60.0,320923273,14.343312422552229
Sat Aug 20 13:31:57 UTC 2022,-5.0,-52.0,326346261,14.633625768965699
Sat Aug 20 13:32:00 UTC 2022,-6.5,-61.0,331778161,14.55197401900004
Sat Aug 20 13:32:03 UTC 2022,-125,-125,337060413,13.923566513365426
Sat Aug 20 13:32:06 UTC 2022,-3.5,-61.0,342333525,13.61031229755607
Sat Aug 20 13:32:09 UTC 2022,-5.0,-61.0,347763851,14.660400895912721
Sat Aug 20 13:32:12 UTC 2022,-5.0,-61.0,352980039,13.873485219741168
Sat Aug 20 13:32:15 UTC 2022,-5.0,-48.0,358706969,15.3535087186134
Sat Aug 20 13:32:18 UTC 2022,-5.0,-48.0,364134299,14.30939956496298
Sat Aug 20 13:32:21 UTC 2022,-5.0,-48.0,369262029,13.769583487785738
Sat Aug 20 13:32:24 UTC 2022,-7.5,-48.0,374693777,14.761298052231227
Sat Aug 20 13:32:27 UTC 2022,-5.5,-48.0,380125525,14.685046780422745
Sat Aug 20 13:32:30 UTC 2022,-4.0,-48.0,385257749,13.815101506560008
Sat Aug 20 13:32:33 UTC 2022,-4.0,-48.0,390992093,15.159429204919032
Sat Aug 20 13:32:36 UTC 2022,-4.0,-48.0,395823143,12.759947796810396
Sat Aug 20 13:32:39 UTC 2022,-6.0,-48.0,401256465,14.69518857303511
Sat Aug 20 13:32:42 UTC 2022,-6.0,-48.0,406692707,14.728524287489817
Sat Aug 20 13:32:45 UTC 2022,-4.5,-48.0,412121459,14.417916194432292
Sat Aug 20 13:32:48 UTC 2022,-4.5,-48.0,417553207,14.44614568903504
Sat Aug 20 13:32:51 UTC 2022,-4.5,-48.0,422990947,14.42590343834749
Sat Aug 20 13:32:54 UTC 2022,-4.5,-48.0,428424193,14.67394745132386
Sat Aug 20 13:32:57 UTC 2022,-4.5,-48.0,433852945,14.637985123554007
Sat Aug 20 13:33:00 UTC 2022,-6.0,-48.0,439287689,14.555888125837678
Sat Aug 20 13:33:03 UTC 2022,-6.0,-48.0,444719437,14.31946448288616
Sat Aug 20 13:33:06 UTC 2022,-6.0,-58.0,450146691,14.172603797716537
Sat Aug 20 13:33:09 UTC 2022,-6.0,-58.0,455280337,13.849316712751246
Sat Aug 20 13:33:12 UTC 2022,-12.0,-58.0,460713583,14.618689383378976
Sat Aug 20 13:33:15 UTC 2022,-9.5,-58.0,466143833,14.426454043223362
Sat Aug 20 13:33:18 UTC 2022,-9.5,-64.0,471264197,13.356599593134105
Sat Aug 20 13:33:21 UTC 2022,-11.5,-64.0,476141765,13.024267758421285
Sat Aug 20 13:33:24 UTC 2022,-11.5,-64.0,481570597,14.694069603787833
Sat Aug 20 13:33:27 UTC 2022,-11.5,-72.0,486699789,13.792056558350783
Sat Aug 20 13:33:30 UTC 2022,-11.5,-72.0,491826173,13.782129618962033
Sat Aug 20 13:33:33 UTC 2022,-13.0,-72.0,496953903,12.976283920276348
Sat Aug 20 13:33:36 UTC 2022,-14.0,-80.0,502074335,13.944251404757797
Sat Aug 20 13:33:39 UTC 2022,-14.0,-80.0,507202065,12.757506326345965
Sat Aug 20 13:33:42 UTC 2022,-12.5,-80.0,512629551,14.688515671552178
Sat Aug 20 13:33:45 UTC 2022,-9.0,-80.0,517755783,13.243082007801986
Sat Aug 20 13:33:48 UTC 2022,-9.0,-80.0,523187875,14.648230573080719
Sat Aug 20 13:33:51 UTC 2022,-9.0,-80.0,528315721,13.957327632323445
Sat Aug 20 13:33:54 UTC 2022,-7.5,-80.0,533558837,13.912071134961016
Sat Aug 20 13:33:57 UTC 2022,-7.5,-80.0,538865021,14.27795624979826
Sat Aug 20 13:34:00 UTC 2022,-10.5,-80.0,544290929,14.675857198953551
Sat Aug 20 13:34:03 UTC 2022,-6.0,-80.0,550026923,15.15961130505847
Sat Aug 20 13:34:06 UTC 2022,-6.0,-80.0,555171283,13.074991575025285
Sat Aug 20 13:34:09 UTC 2022,-8.5,-80.0,560601877,14.320663293715288
Sat Aug 20 13:34:12 UTC 2022,-8.5,-80.0,566041267,14.674308208777068
Sat Aug 20 13:34:15 UTC 2022,-8.5,-80.0,571170571,13.830692005575232
Sat Aug 20 13:34:18 UTC 2022,-8.5,-80.0,576295381,13.563838341585267
Sat Aug 20 13:34:21 UTC 2022,-5.5,-74.0,581426107,13.875182300866175
Sat Aug 20 13:34:24 UTC 2022,-5.5,-74.0,586567395,13.603487158736234
Sat Aug 20 13:34:27 UTC 2022,-5.5,-74.0,591987427,14.488822200305176
Sat Aug 20 13:34:30 UTC 2022,-7.0,-74.0,597419327,14.699081660064328
Sat Aug 20 13:34:33 UTC 2022,-7.0,-74.0,602683375,13.328749950393764
Sat Aug 20 13:34:36 UTC 2022,-7.0,-74.0,607680703,13.4718798681139
Sat Aug 20 13:34:39 UTC 2022,-8.5,-74.0,613105711,14.68182346559094
Sat Aug 20 13:34:42 UTC 2022,-8.5,-74.0,618107737,13.138141183113454
Sat Aug 20 13:34:45 UTC 2022,-7.0,-74.0,623679223,14.36014167719438
Sat Aug 20 13:34:48 UTC 2022,-9.0,-74.0,628804073,13.732681816010295
Sat Aug 20 13:34:51 UTC 2022,-9.0,-74.0,633929035,13.714856871298085
Sat Aug 20 13:34:54 UTC 2022,-125,-125,639178487,14.126962070977996
Sat Aug 20 13:34:57 UTC 2022,-9.0,-74.0,644296191,13.622411942101156
Sat Aug 20 13:35:00 UTC 2022,-9.0,-74.0,649424073,13.861250133836577
Sat Aug 20 13:35:03 UTC 2022,-9.0,-74.0,654554763,13.946673063323814
Sat Aug 20 13:35:06 UTC 2022,-6.5,-74.0,659988049,14.534173990815795
Sat Aug 20 13:35:09 UTC 2022,-9.0,-81.0,665720935,15.171318153520067
Sat Aug 20 13:35:12 UTC 2022,-4.5,-72.0,670854581,13.34879898594784
Sat Aug 20 13:35:15 UTC 2022,-8.0,-72.0,676293938,14.557840201569839
Sat Aug 20 13:35:18 UTC 2022,-8.0,-72.0,681122190,12.91172144015373
Sat Aug 20 13:35:21 UTC 2022,-9.5,-72.0,685348127,11.28749132046693
Sat Aug 20 13:35:24 UTC 2022,-9.5,-72.0,690953801,14.936470780701463
Sat Aug 20 13:35:27 UTC 2022,-6.0,-72.0,696136881,13.554553995913222
Sat Aug 20 13:35:30 UTC 2022,-6.0,-72.0,701868348,15.297519301492668
Sat Aug 20 13:35:33 UTC 2022,-7.5,-72.0,707196892,14.380692511312537
Sat Aug 20 13:35:36 UTC 2022,-5.5,-72.0,712630296,14.609517494299581
Sat Aug 20 13:35:39 UTC 2022,-8.0,-72.0,717755073,12.925134539410031
Sat Aug 20 13:35:42 UTC 2022,-8.0,-72.0,722433485,12.53359513657819
Sat Aug 20 13:35:45 UTC 2022,-10.5,-72.0,722433485,0.0
Sat Aug 20 13:35:48 UTC 2022,-12.5,-72.0,724846763,6.482588268776825
Sat Aug 20 13:35:51 UTC 2022,-12.5,-72.0,727862313,8.091048851365125
Sat Aug 20 13:35:54 UTC 2022,-5.5,-72.0,732992963,13.722989759225074
Sat Aug 20 13:35:57 UTC 2022,-5.5,-65.0,738421873,14.621035414156218
Sat Aug 20 13:36:00 UTC 2022,-5.5,-65.0,743846289,14.558433609704315
Sat Aug 20 13:36:03 UTC 2022,-10.5,-71.0,748747824,13.005893845780063
Sat Aug 20 13:36:06 UTC 2022,-4.5,-64.0,753874201,13.887580622896435
Sat Aug 20 13:36:10 UTC 2022,-4.5,-64.0,759290400,14.477066938132362
Sat Aug 20 13:36:13 UTC 2022,-4.5,-64.0,764406667,11.710914668048327
Sat Aug 20 13:36:16 UTC 2022,-4.5,-64.0,769518554,13.706876291321032
Sat Aug 20 13:36:19 UTC 2022,-4.5,-64.0,774943230,14.394531373742668
Sat Aug 20 13:36:22 UTC 2022,-4.5,-57.0,780360580,14.547011695525711
Sat Aug 20 13:36:25 UTC 2022,-125,-125,785755354,14.552844006679136
Sat Aug 20 13:36:28 UTC 2022,-6.0,-64.0,791380320,15.000063513986495
Sat Aug 20 13:36:31 UTC 2022,-7.5,-70.0,797193062,15.396638479430269
Sat Aug 20 13:36:34 UTC 2022,-3.5,-52.0,802529330,13.071800782449786
Sat Aug 20 13:36:37 UTC 2022,-3.5,-52.0,808255132,15.356249788089235
Sat Aug 20 13:36:40 UTC 2022,-3.5,-44.0,813691526,14.243398047847851
Sat Aug 20 13:36:43 UTC 2022,-3.5,-53.0,818820833,13.333006920794222
Sat Aug 20 13:36:46 UTC 2022,-3.5,-53.0,824561209,15.394283483617027
Sat Aug 20 13:36:49 UTC 2022,-3.5,-53.0,829685943,13.791185105051317
Sat Aug 20 13:36:52 UTC 2022,-3.5,-53.0,835721537,16.234969515481247
Sat Aug 20 13:36:55 UTC 2022,-3.5,-53.0,841453037,13.816690463725353
Sat Aug 20 13:36:58 UTC 2022,-3.5,-40.0,846582189,13.37734189732286
Sat Aug 20 13:37:01 UTC 2022,-3.5,-60.0,852009559,14.6217471721521
Sat Aug 20 13:37:04 UTC 2022,-8.5,-68.0,856840761,12.979130461067076
Sat Aug 20 13:37:08 UTC 2022,-13.0,-68.0,862274159,14.35140180698155
Sat Aug 20 13:37:11 UTC 2022,-8.0,-68.0,867103751,12.47292694646818
Sat Aug 20 13:37:14 UTC 2022,-17.0,-68.0,869515531,6.306345993112222
Sat Aug 20 13:37:17 UTC 2022,-12.0,-68.0,874343585,13.021646221904012
Sat Aug 20 13:37:19 UTC 2022,-12.0,-68.0,879171639,12.991756416763646
Sat Aug 20 13:37:22 UTC 2022,-7.5,-68.0,884604925,14.759718834808423
Sat Aug 20 13:37:26 UTC 2022,-7.5,-68.0,890339385,15.242630882898622
Sat Aug 20 13:37:29 UTC 2022,-7.5,-68.0,895279789,12.4862719737826
Sat Aug 20 13:37:32 UTC 2022,-6.5,-68.0,901011289,15.515529485408644
Sat Aug 20 13:37:35 UTC 2022,-8.0,-68.0,905844029,12.503779860822926
Sat Aug 20 13:37:38 UTC 2022,-8.0,-68.0,910973297,13.977935278108847
Sat Aug 20 13:37:41 UTC 2022,-4.5,-40.0,916405121,14.688062380848217
Sat Aug 20 13:37:44 UTC 2022,-4.5,-48.0,921839941,14.472146258431922
Sat Aug 20 13:37:47 UTC 2022,-4.5,-48.0,926837345,13.259857013342687
Sat Aug 20 13:37:50 UTC 2022,-4.5,-48.0,932261795,14.61247543319338
Sat Aug 20 13:37:53 UTC 2022,-4.5,-48.0,937990575,15.396768392195074
Sat Aug 20 13:37:56 UTC 2022,-125,-125,943118385,13.279367115785666
Sat Aug 20 13:37:59 UTC 2022,-4.5,-48.0,948846937,15.52232987598606
Sat Aug 20 13:38:02 UTC 2022,-4.5,-48.0,954308805,13.69522476177841
Sat Aug 20 13:38:05 UTC 2022,-4.5,-48.0,959905493,14.810685426998216
Sat Aug 20 13:38:08 UTC 2022,-4.5,-48.0,965166509,13.61151307924147
Sat Aug 20 13:38:11 UTC 2022,-4.5,-57.0,970595341,14.667058001593317
Sat Aug 20 13:38:14 UTC 2022,-4.5,-51.0,976323733,15.322751524315175
Sat Aug 20 13:38:17 UTC 2022,-3.0,-44.0,981754103,13.671793061301694
Sat Aug 20 13:38:20 UTC 2022,-3.0,-54.0,986880339,13.770262301252481
Sat Aug 20 13:38:23 UTC 2022,-4.5,-54.0,992398005,14.849359967047702
Sat Aug 20 13:38:26 UTC 2022,-3.0,-54.0,997821379,14.516318038953079
Sat Aug 20 13:38:29 UTC 2022,-3.0,-54.0,1003244623,14.638504410914047
Sat Aug 20 13:38:32 UTC 2022,-3.0,-46.0,1008669499,14.310507500477938
Sat Aug 20 13:38:35 UTC 2022,-3.0,-46.0,1013781531,13.598142050027363
Sat Aug 20 13:38:38 UTC 2022,-5.5,-53.0,1019508981,15.313919768816218
Sat Aug 20 13:38:41 UTC 2022,-3.5,-46.0,1024659569,13.642934683538217
Sat Aug 20 13:38:44 UTC 2022,-3.5,-38.0,1030389591,15.15697469043162
Sat Aug 20 13:38:47 UTC 2022,-3.5,-45.0,1035824507,14.4305031964863
Sat Aug 20 13:38:50 UTC 2022,-3.5,-45.0,1041045249,13.990850896723813
Sat Aug 20 13:38:53 UTC 2022,-5.0,-39.0,1046176015,13.712053401511248
Sat Aug 20 13:38:56 UTC 2022,-125,-125,1051606417,14.500747363227699
Sat Aug 20 13:38:59 UTC 2022,-3.5,-47.0,1057035285,14.511138400643228
Sat Aug 20 13:39:02 UTC 2022,-3.5,-47.0,1062464189,14.109923296723974
Sat Aug 20 13:39:05 UTC 2022,-3.5,-47.0,1067887409,14.373881480399286
Sat Aug 20 13:39:08 UTC 2022,-3.5,-47.0,1073013833,13.921884486236888
Sat Aug 20 13:39:11 UTC 2022,-3.5,-47.0,1078740915,15.479164665284731
Sat Aug 20 13:39:14 UTC 2022,-3.5,-47.0,1084478331,14.548890422992057
Sat Aug 20 13:39:17 UTC 2022,-3.5,-47.0,1089911769,13.874138741631228
Sat Aug 20 13:39:20 UTC 2022,-3.5,-47.0,1095337793,14.35211557164783
Sat Aug 20 13:39:23 UTC 2022,-5.0,-57.0,1100640905,14.094284009956242
Sat Aug 20 13:39:26 UTC 2022,-125,-125,1106074267,14.637524856789202
Sat Aug 20 13:39:29 UTC 2022,-3.5,-57.0,1111501825,14.148528304109558
Sat Aug 20 13:39:32 UTC 2022,-3.5,-57.0,1117231867,15.308426409356079
Sat Aug 20 13:39:35 UTC 2022,-3.5,-57.0,1122665341,13.789914218620487
Sat Aug 20 13:39:38 UTC 2022,-3.5,-57.0,1128037169,14.488004551258935
Sat Aug 20 13:39:41 UTC 2022,-3.5,-57.0,1133240027,13.894806372569452
Sat Aug 20 13:39:44 UTC 2022,-5.5,-57.0,1138588003,14.391049898426036
Sat Aug 20 13:39:47 UTC 2022,-3.5,-57.0,1144063269,14.779963414652526
Sat Aug 20 13:39:50 UTC 2022,-3.5,-57.0,1149439859,14.268235795149902
Sat Aug 20 13:39:53 UTC 2022,-6.5,-57.0,1154868839,14.624489152340612
Sat Aug 20 13:39:56 UTC 2022,-4.0,-63.0,1160030987,13.863110864027616
Sat Aug 20 13:40:00 UTC 2022,-5.5,-63.0,1166339065,16.928382460545677
Sat Aug 20 13:40:03 UTC 2022,-8.0,-63.0,1172072027,13.500258209308921
Sat Aug 20 13:40:06 UTC 2022,-5.0,-63.0,1177204175,13.190579918678528
Sat Aug 20 13:40:09 UTC 2022,-3.0,-63.0,1182820217,15.052954628866193
Sat Aug 20 13:40:12 UTC 2022,-3.0,-63.0,1187771107,13.30407077676228
Sat Aug 20 13:40:15 UTC 2022,-3.0,-63.0,1193201397,14.692301463293713
Sat Aug 20 13:40:18 UTC 2022,-7.0,-63.0,1198636141,14.194414728658186
Sat Aug 20 13:40:21 UTC 2022,-5.0,-69.0,1204369027,15.037371715121258
Sat Aug 20 13:40:24 UTC 2022,-5.0,-58.0,1209803771,13.807518202977814
Sat Aug 20 13:40:27 UTC 2022,-5.0,-58.0,1214937417,13.779875078704702
Sat Aug 20 13:40:30 UTC 2022,-7.5,-58.0,1220372161,14.60835307404391
Sat Aug 20 13:40:33 UTC 2022,-7.5,-58.0,1225206207,12.989772346869842
Sat Aug 20 13:40:36 UTC 2022,-5.0,-64.0,1230031265,12.111889250582124
Sat Aug 20 13:40:39 UTC 2022,-9.0,-64.0,1235217381,13.947815139901099
Sat Aug 20 13:40:42 UTC 2022,-5.5,-64.0,1240348183,13.860205517966827
Sat Aug 20 13:40:45 UTC 2022,-5.5,-64.0,1243368151,8.139365630162063
Sat Aug 20 13:40:48 UTC 2022,-7.0,-71.0,1248498801,13.777871467220809
Sat Aug 20 13:40:51 UTC 2022,-7.0,-71.0,1253930929,14.098625751836828
Sat Aug 20 13:40:54 UTC 2022,-7.0,-71.0,1259051665,13.775299155846854
Sat Aug 20 13:40:57 UTC 2022,-125,-125,1264482295,14.654382449144531
Sat Aug 20 13:41:00 UTC 2022,-7.0,-71.0,1269941275,14.748671130728162
Sat Aug 20 13:41:03 UTC 2022,-7.0,-71.0,1275373139,14.600774637392426
Sat Aug 20 13:41:06 UTC 2022,-7.0,-71.0,1280574195,13.970729788842066
Sat Aug 20 13:41:09 UTC 2022,-7.0,-71.0,1285701849,13.748993317429994
Sat Aug 20 13:41:12 UTC 2022,-7.0,-71.0,1290837033,13.969429211113576
Sat Aug 20 13:41:15 UTC 2022,-7.0,-77.0,1295963229,13.935293704705128
Sat Aug 20 13:41:18 UTC 2022,-7.0,-77.0,1301048939,13.579196719808648
Sat Aug 20 13:41:21 UTC 2022,-9.0,-77.0,1305935415,13.220001244265653
Sat Aug 20 13:41:24 UTC 2022,-7.5,-77.0,1310759015,12.674151283848243
Sat Aug 20 13:41:27 UTC 2022,-5.5,-77.0,1315593061,12.962526378303847
Sat Aug 20 13:41:30 UTC 2022,-5.5,-77.0,1321024809,14.2119896173275
Sat Aug 20 13:41:33 UTC 2022,-5.5,-77.0,1326159953,13.668950630031233
Sat Aug 20 13:41:36 UTC 2022,-5.5,-77.0,1331292101,13.058396710907555
Sat Aug 20 13:41:39 UTC 2022,-7.5,-77.0,1336121653,12.688283273888766
Sat Aug 20 13:41:42 UTC 2022,-7.5,-77.0,1340641394,12.199979599897965
Sat Aug 20 13:41:45 UTC 2022,-7.5,-77.0,1345148210,11.855246798324547
Sat Aug 20 13:41:48 UTC 2022,-7.5,-77.0,1350078888,13.080497262666277
Sat Aug 20 13:41:51 UTC 2022,-7.5,-77.0,1354895674,12.386173645850551
Sat Aug 20 13:41:54 UTC 2022,-7.5,-77.0,1360306231,14.325452681694987
Sat Aug 20 13:41:57 UTC 2022,-6.0,-77.0,1365127229,12.411817009331738
Sat Aug 20 13:42:00 UTC 2022,-6.0,-77.0,1369949692,12.965670053105692
Sat Aug 20 13:42:03 UTC 2022,-6.0,-77.0,1374765058,12.514810047978042
Sat Aug 20 13:42:06 UTC 2022,-6.0,-77.0,1379821509,13.78781626452536
Sat Aug 20 13:42:09 UTC 2022,-6.0,-77.0,1385058245,13.822456813513524
Sat Aug 20 13:42:12 UTC 2022,-6.0,-77.0,1389856516,12.943216653931529
Sat Aug 20 13:42:15 UTC 2022,-6.0,-77.0,1394957261,13.772375549678635
Sat Aug 20 13:42:18 UTC 2022,-6.0,-77.0,1400059571,13.729240430048009
Sat Aug 20 13:42:21 UTC 2022,-6.0,-77.0,1405170211,13.847894495888275
Sat Aug 20 13:42:24 UTC 2022,-8.0,-77.0,1410277834,13.45853449146068
Sat Aug 20 13:42:27 UTC 2022,-9.0,-77.0,1415097407,12.866630240931704
Sat Aug 20 13:42:30 UTC 2022,-9.0,-77.0,1420215250,13.886529352738979
Sat Aug 20 13:42:33 UTC 2022,-9.0,-77.0,1425334594,13.803524971383466
Sat Aug 20 13:42:36 UTC 2022,-10.5,-77.0,1428046265,7.340248159074022
Sat Aug 20 13:42:39 UTC 2022,-10.5,-77.0,1431059030,7.995237454951941
Sat Aug 20 13:42:42 UTC 2022,-9.0,-77.0,1432717316,4.4198317791106705
Sat Aug 20 13:42:45 UTC 2022,-12.0,-77.0,1433319580,1.6358213898886864
Sat Aug 20 13:42:48 UTC 2022,-12.0,-77.0,1435129244,4.887870495953854
Sat Aug 20 13:42:51 UTC 2022,-12.0,-77.0,1439956087,12.616148656192058
Sat Aug 20 13:42:54 UTC 2022,-7.0,-77.0,1444758525,12.96333361881584
Sat Aug 20 13:42:57 UTC 2022,-7.0,-77.0,1447465922,7.334907557846895
Sat Aug 20 13:43:00 UTC 2022,-11.0,-77.0,1452779129,14.127345960071294
Sat Aug 20 13:43:03 UTC 2022,-8.5,-70.0,1456481555,9.31824096575573
Sat Aug 20 13:43:06 UTC 2022,-12.0,-70.0,1456481555,0.0
Sat Aug 20 13:43:09 UTC 2022,-12.0,-70.0,1456481555,0.0
Sat Aug 20 13:43:12 UTC 2022,-16.0,-70.0,1456481555,0.0
Sat Aug 20 13:43:15 UTC 2022,-19.5,-78.0,1456481555,0.0
Sat Aug 20 13:43:18 UTC 2022,-125,-125,1456481555,0.0
Sat Aug 20 13:43:21 UTC 2022,-6.5,-70.0,1456481555,0.0
Sat Aug 20 13:43:24 UTC 2022,-13.0,-70.0,1456481555,0.0
Sat Aug 20 13:43:27 UTC 2022,-14.5,-78.0,1456782653,0.8100174893413977
Sat Aug 20 13:43:30 UTC 2022,-6.0,-78.0,1461299537,11.598073510259015
Sat Aug 20 13:43:33 UTC 2022,-8.5,-78.0,1466728859,14.715722932914437
Sat Aug 20 13:43:36 UTC 2022,-6.5,-71.0,1472139407,14.533261990257294
Sat Aug 20 13:43:39 UTC 2022,-6.5,-63.0,1477271274,13.703376015373266
Sat Aug 20 13:43:42 UTC 2022,-6.5,-55.0,1482653422,14.587228714371424
Sat Aug 20 13:43:45 UTC 2022,-6.5,-55.0,1487686285,13.460617748192842
Sat Aug 20 13:43:48 UTC 2022,-125,-125,1492825447,13.568524287599688
Sat Aug 20 13:43:51 UTC 2022,-5.0,-55.0,1497840928,13.197076721051607
Sat Aug 20 13:43:54 UTC 2022,-7.5,-55.0,1502635184,12.97357144498787
Sat Aug 20 13:43:57 UTC 2022,-5.5,-55.0,1508070608,14.703491044008064
Sat Aug 20 13:44:00 UTC 2022,-7.0,-55.0,1513675842,14.849841000673502
Sat Aug 20 13:44:03 UTC 2022,-11.5,-45.0,1518708303,12.81821589751633
Sat Aug 20 13:44:06 UTC 2022,-11.5,-45.0,1524250090,14.97855484374934
Sat Aug 20 13:44:09 UTC 2022,-11.5,-45.0,1529643368,13.578595133004093
Sat Aug 20 13:44:12 UTC 2022,-11.5,-45.0,1535028361,14.501480964658715
Sat Aug 20 13:44:15 UTC 2022,-11.5,-45.0,1540407868,14.537264858873135
Sat Aug 20 13:44:18 UTC 2022,-125,-125,1545434904,13.179863400287074
Sat Aug 20 13:44:21 UTC 2022,-8.0,-45.0,1550780426,14.539426357759602
Sat Aug 20 13:44:24 UTC 2022,-8.0,-45.0,1556134242,14.535180553795339
Sat Aug 20 13:44:27 UTC 2022,-8.0,-45.0,1561232184,13.688889482731621
Sat Aug 20 13:44:30 UTC 2022,-8.0,-51.0,1565730734,11.952299374987637
Sat Aug 20 13:44:33 UTC 2022,-8.0,-51.0,1570253534,11.881853090134818
Sat Aug 20 13:44:36 UTC 2022,-8.0,-51.0,1575354251,13.764789933394136
Sat Aug 20 13:44:39 UTC 2022,-6.0,-51.0,1580154252,12.982270332119906
Sat Aug 20 13:44:42 UTC 2022,-6.0,-51.0,1585249383,13.760012876664803
Sat Aug 20 13:44:45 UTC 2022,-6.0,-51.0,1590351733,13.686110651537033
Sat Aug 20 13:44:48 UTC 2022,-6.0,-51.0,1595453922,13.738595118182307
Sat Aug 20 13:44:51 UTC 2022,-6.0,-51.0,1600855882,14.083551450595097
Sat Aug 20 13:44:54 UTC 2022,-6.0,-51.0,1606232391,14.21898349943812
Sat Aug 20 13:44:57 UTC 2022,-6.0,-51.0,1611881591,15.063668377495102
Sat Aug 20 13:45:00 UTC 2022,-6.0,-51.0,1617234253,14.14317740681691
Sat Aug 20 13:45:03 UTC 2022,-4.5,-51.0,1622590889,14.435729689241198
Sat Aug 20 13:45:06 UTC 2022,-4.5,-51.0,1628271389,15.034407623407903
Sat Aug 20 13:45:09 UTC 2022,-4.5,-51.0,1633333401,13.019956828766112
Sat Aug 20 13:45:12 UTC 2022,-6.5,-51.0,1638711271,14.548362168309414
Sat Aug 20 13:45:16 UTC 2022,-8.0,-51.0,1644398976,15.141389552132956
Sat Aug 20 13:45:19 UTC 2022,-8.0,-51.0,1649795367,13.621219218090362
Sat Aug 20 13:45:22 UTC 2022,-4.0,-45.0,1655472965,15.031349729780066
Sat Aug 20 13:45:25 UTC 2022,-8.5,-45.0,1660867821,13.827868789971058
Sat Aug 20 13:45:28 UTC 2022,-8.5,-45.0,1665968588,13.867561779056937
Sat Aug 20 13:45:31 UTC 2022,-8.5,-45.0,1667171636,3.017251106074855
Sat Aug 20 13:45:34 UTC 2022,-8.5,-45.0,1667472734,0.813849688108004
Sat Aug 20 13:45:37 UTC 2022,-10.0,-45.0,1668073510,1.5824578811189889
Sat Aug 20 13:45:40 UTC 2022,-10.0,-45.0,1668975525,2.4343054717543566
Sat Aug 20 13:45:43 UTC 2022,-10.0,-45.0,1669275205,0.7954823942187492
Sat Aug 20 13:45:46 UTC 2022,-8.0,-45.0,1670757306,3.935535789355241
Sat Aug 20 13:45:49 UTC 2022,-125,-125,1672877272,5.722015046717029
Sat Aug 20 13:45:52 UTC 2022,-10.0,-45.0,1677686674,12.719713859637174
Sat Aug 20 13:45:55 UTC 2022,-10.0,-45.0,1682458108,12.737266511976605
Sat Aug 20 13:45:58 UTC 2022,-7.0,-45.0,1687584578,13.704770777922986
Sat Aug 20 13:46:01 UTC 2022,-7.0,-45.0,1692703449,13.671564760153723
Sat Aug 20 13:46:04 UTC 2022,-9.5,-45.0,1697830049,13.871996003991095
Sat Aug 20 13:46:07 UTC 2022,-7.0,-45.0,1703247649,14.549064468111284
Sat Aug 20 13:46:10 UTC 2022,-7.0,-45.0,1708160378,13.059268860878609
Sat Aug 20 13:46:13 UTC 2022,-10.0,-45.0,1713284085,13.787516009680605
Sat Aug 20 13:46:16 UTC 2022,-10.0,-45.0,1718412255,13.827220424841652
Sat Aug 20 13:46:19 UTC 2022,-10.0,-45.0,1723844411,14.3617663965943
Sat Aug 20 13:46:22 UTC 2022,-10.0,-45.0,1728824292,12.999664375495147
Sat Aug 20 13:46:25 UTC 2022,-10.0,-45.0,1733643736,12.618425839277496
Sat Aug 20 13:46:28 UTC 2022,-10.0,-45.0,1738750418,13.757379615419184
Sat Aug 20 13:46:31 UTC 2022,-11.5,-53.0,1743649107,13.19461006348696
Sat Aug 20 13:46:34 UTC 2022,-11.5,-47.0,1748955023,14.236335388732899
Sat Aug 20 13:46:37 UTC 2022,-11.5,-47.0,1753978127,12.513999860368886
Sat Aug 20 13:46:40 UTC 2022,-11.5,-47.0,1759098788,13.704736694246083
Sat Aug 20 13:46:43 UTC 2022,-11.5,-56.0,1763925729,13.000531714644355
Sat Aug 20 13:46:46 UTC 2022,-11.5,-56.0,1769055115,13.76715748242005
Sat Aug 20 13:46:49 UTC 2022,-11.5,-56.0,1773874566,12.927877877746242
Sat Aug 20 13:46:52 UTC 2022,-11.5,-56.0,1779001100,13.71743484228787
Sat Aug 20 13:46:55 UTC 2022,-11.5,-56.0,1784133482,13.95510743194213
Sat Aug 20 13:46:58 UTC 2022,-11.5,-56.0,1788952782,12.763689953976547
Sat Aug 20 13:47:01 UTC 2022,-9.0,-56.0,1794387644,14.633665923944498
Sat Aug 20 13:47:04 UTC 2022,-9.0,-56.0,1799488608,13.42811504440311
Sat Aug 20 13:47:07 UTC 2022,-9.0,-56.0,1804643460,13.466186405438348
Sat Aug 20 13:47:10 UTC 2022,-12.5,-56.0,1809771454,13.85377102731077
Sat Aug 20 13:47:13 UTC 2022,-12.5,-56.0,1814599508,12.639583877560911
Sat Aug 20 13:47:16 UTC 2022,-12.5,-56.0,1820029869,14.608508379780202
Sat Aug 20 13:47:19 UTC 2022,-10.0,-56.0,1825160819,13.717346417626153
Sat Aug 20 13:47:22 UTC 2022,-10.0,-56.0,1830015948,12.769128181323444
Sat Aug 20 13:47:25 UTC 2022,-12.0,-56.0,1835143824,13.838592159418507
Sat Aug 20 13:47:28 UTC 2022,-12.0,-56.0,1840574336,14.307844719246141
Sat Aug 20 13:47:31 UTC 2022,-12.0,-56.0,1845637576,12.869048865881197
Sat Aug 20 13:47:34 UTC 2022,-12.0,-56.0,1851199801,14.933439649109083
Sat Aug 20 13:47:37 UTC 2022,-12.0,-56.0,1856325997,12.739407824044145
Sat Aug 20 13:47:40 UTC 2022,-12.0,-56.0,1861276927,13.346188375391467
Sat Aug 20 13:47:43 UTC 2022,-12.0,-56.0,1866104981,12.785625566898911
Sat Aug 20 13:47:46 UTC 2022,-12.0,-56.0,1870632013,11.818036917309543
Sat Aug 20 13:47:49 UTC 2022,-12.0,-56.0,1875466099,13.120484513991272
Sat Aug 20 13:47:52 UTC 2022,-12.0,-56.0,1879393855,10.273513800075126
Sat Aug 20 13:47:55 UTC 2022,-13.5,-66.0,1882710467,8.88105548734677
Sat Aug 20 13:47:58 UTC 2022,-13.5,-66.0,1886030075,8.76421001768124
Sat Aug 20 13:48:01 UTC 2022,-15.5,-66.0,1891163721,13.710117041590259
Sat Aug 20 13:48:04 UTC 2022,-11.0,-66.0,1894787383,9.376423212634283
Sat Aug 20 13:48:07 UTC 2022,-9.0,-66.0,1899311383,11.881374591208717
Sat Aug 20 13:48:10 UTC 2022,-9.0,-66.0,1903839913,12.136228841117303
Sat Aug 20 13:48:14 UTC 2022,-12.0,-60.0,1909045463,13.682914941534658
Sat Aug 20 13:48:17 UTC 2022,-10.5,-60.0,1911762835,7.197521368894907
Sat Aug 20 13:48:19 UTC 2022,-9.0,-54.0,1916423189,12.407295089894628
Sat Aug 20 13:48:22 UTC 2022,-9.0,-54.0,1921115036,12.739855208962688
Sat Aug 20 13:48:25 UTC 2022,-9.0,-61.0,1925930546,13.045431396637667
Sat Aug 20 13:48:28 UTC 2022,-11.0,-61.0,1931051303,13.785679465505988
Sat Aug 20 13:48:31 UTC 2022,-11.0,-61.0,1935867843,12.748877844204284
Sat Aug 20 13:48:34 UTC 2022,-9.0,-61.0,1940969948,13.726414769531944
Sat Aug 20 13:48:37 UTC 2022,-7.5,-61.0,1946376066,14.589133215490598
Sat Aug 20 13:48:40 UTC 2022,-7.5,-61.0,1951450155,13.52294343086023
Sat Aug 20 13:48:43 UTC 2022,-9.0,-61.0,1956616379,13.519519811062521
Sat Aug 20 13:48:46 UTC 2022,-9.0,-61.0,1961404705,12.663639922500018
Sat Aug 20 13:48:49 UTC 2022,-9.0,-61.0,1964198110,7.608363304894163
Sat Aug 20 13:48:52 UTC 2022,-11.5,-61.0,1967697570,9.482445725859705
Sat Aug 20 13:48:55 UTC 2022,-11.5,-61.0,1970829321,8.502349277867435
Sat Aug 20 13:48:58 UTC 2022,-11.5,-61.0,1974721420,10.311226551641052
Sat Aug 20 13:49:01 UTC 2022,-11.5,-55.0,1979232992,12.121816734798024
Sat Aug 20 13:49:04 UTC 2022,-11.5,-55.0,1984035725,12.261115521923449
Sat Aug 20 13:49:07 UTC 2022,-11.5,-55.0,1988527266,12.157936523014675
Sat Aug 20 13:49:10 UTC 2022,-125,-125,1992733248,11.406420280219306
Sat Aug 20 13:49:13 UTC 2022,-8.0,-55.0,1996944980,11.25233512165516
Sat Aug 20 13:49:16 UTC 2022,-8.0,-55.0,2000541435,9.699816996597676
Sat Aug 20 13:49:19 UTC 2022,-12.0,-55.0,2005344094,12.782424664657134
Sat Aug 20 13:49:22 UTC 2022,-4.5,-55.0,2010443581,13.615695566384696
Sat Aug 20 13:49:25 UTC 2022,-4.5,-55.0,2015540385,13.808842390446015
Sat Aug 20 13:49:28 UTC 2022,-5.0,-55.0,2020624101,13.648885267311467
Sat Aug 20 13:49:31 UTC 2022,-5.0,-55.0,2025719261,13.693212052393395
Sat Aug 20 13:49:34 UTC 2022,-5.0,-55.0,2030818636,13.601513888671626
Sat Aug 20 13:49:37 UTC 2022,-5.0,-55.0,2035908030,13.52150758568539
Sat Aug 20 13:49:40 UTC 2022,-8.0,-55.0,2041006020,13.650941346397875
Sat Aug 20 13:49:43 UTC 2022,-8.0,-55.0,2046093875,13.411488386475563
Sat Aug 20 13:49:46 UTC 2022,-7.5,-59.0,2051358763,14.069124651793386
Sat Aug 20 13:49:49 UTC 2022,-10.5,-66.0,2056542743,13.677345564089622
Sat Aug 20 13:49:52 UTC 2022,-10.5,-66.0,2061609618,13.507153656486828
Sat Aug 20 13:49:55 UTC 2022,-10.0,-66.0,2066966383,14.408733059227048
Sat Aug 20 13:49:58 UTC 2022,-10.0,-66.0,2072068423,13.73740737825346
Sat Aug 20 13:50:01 UTC 2022,-10.0,-66.0,2077136443,13.565017116540353
Sat Aug 20 13:50:04 UTC 2022,-4.0,-66.0,2082384808,14.032120665208744
Sat Aug 20 13:50:07 UTC 2022,-4.0,-66.0,2088066567,15.192690435261383
Sat Aug 20 13:50:10 UTC 2022,-4.0,-66.0,2093424566,13.459896282725408
Sat Aug 20 13:50:13 UTC 2022,-4.0,-59.0,2099084973,15.137101923563234
Sat Aug 20 13:50:16 UTC 2022,-4.0,-45.0,2104163117,13.511532367351187
Sat Aug 20 13:50:19 UTC 2022,-4.0,-45.0,2109544988,14.4534366577056
Sat Aug 20 13:50:22 UTC 2022,-5.5,-53.0,2114913944,14.392010419426146
Sat Aug 20 13:50:25 UTC 2022,-3.0,-53.0,2120288733,14.359116189113008
Sat Aug 20 13:50:28 UTC 2022,-3.0,-53.0,2125670660,14.465681847343022
Sat Aug 20 13:50:31 UTC 2022,-3.0,-53.0,2131125660,14.072694025638414
Sat Aug 20 13:50:34 UTC 2022,-3.0,-53.0,2136481948,14.21701231124841
Sat Aug 20 13:50:37 UTC 2022,-3.0,-53.0,2141865223,14.394188845949554
Sat Aug 20 13:50:40 UTC 2022,-3.0,-53.0,2147261624,14.37937443899337
Sat Aug 20 13:50:43 UTC 2022,-4.5,-53.0,2152640573,14.357064540777746
Sat Aug 20 13:50:46 UTC 2022,-4.5,-53.0,2158046997,14.589197170508703
Sat Aug 20 13:50:49 UTC 2022,-6.0,-53.0,2163413464,14.248393755871339
Sat Aug 20 13:50:52 UTC 2022,-4.0,-53.0,2168784089,14.529182529968686
Sat Aug 20 13:50:55 UTC 2022,-6.0,-53.0,2174167520,14.245984620372324
Sat Aug 20 13:50:58 UTC 2022,-3.5,-53.0,2179549535,14.195669514150806
Sat Aug 20 13:51:02 UTC 2022,-3.5,-53.0,2185212350,15.115345748893311
Sat Aug 20 13:51:05 UTC 2022,-3.5,-53.0,2190593058,13.548889263878566
Sat Aug 20 13:51:08 UTC 2022,-3.5,-53.0,2196275126,15.320954232926315
Sat Aug 20 13:51:11 UTC 2022,-3.5,-53.0,2201644061,13.78379326631514
Sat Aug 20 13:51:14 UTC 2022,-5.0,-53.0,2206734720,13.706382528674276
Sat Aug 20 13:51:17 UTC 2022,-5.0,-53.0,2212127989,14.502005635338591
Sat Aug 20 13:51:20 UTC 2022,-5.0,-53.0,2217521249,14.211947618522363
Sat Aug 20 13:51:23 UTC 2022,-5.0,-53.0,2222972635,14.740870398450406
Sat Aug 20 13:51:26 UTC 2022,-3.5,-53.0,2228373318,14.484285177631754
Sat Aug 20 13:51:29 UTC 2022,-3.5,-53.0,2233773701,14.169942385883052
Sat Aug 20 13:51:32 UTC 2022,-3.5,-53.0,2239178599,14.07792279597969
Sat Aug 20 13:51:35 UTC 2022,-5.0,-53.0,2244743739,15.06031002460913
Sat Aug 20 13:51:38 UTC 2022,-5.0,-53.0,2249685640,12.932801151076738
Sat Aug 20 13:51:41 UTC 2022,-5.0,-59.0,2254852215,13.990598191150019
Sat Aug 20 13:51:44 UTC 2022,-5.0,-59.0,2260200200,13.999293228726087
Sat Aug 20 13:51:47 UTC 2022,-5.0,-59.0,2265675959,14.804570525767028
Sat Aug 20 13:51:50 UTC 2022,-6.5,-59.0,2271084927,14.497092549211743
Sat Aug 20 13:51:53 UTC 2022,-4.5,-59.0,2276195810,13.75891888754202
Sat Aug 20 13:51:56 UTC 2022,-4.5,-59.0,2281613340,14.221453500587556
Sat Aug 20 13:51:59 UTC 2022,-4.0,-59.0,2287008124,14.259244510399585
Sat Aug 20 13:52:02 UTC 2022,-125,-125,2292383010,14.318970924721686
Sat Aug 20 13:52:05 UTC 2022,-5.5,-59.0,2298088706,14.638165304356079
Sat Aug 20 13:52:08 UTC 2022,-8.0,-59.0,2303495007,14.506781481708495
Sat Aug 20 13:52:11 UTC 2022,-4.0,-59.0,2308894195,14.1454695132783
Sat Aug 20 13:52:14 UTC 2022,-4.0,-51.0,2314303205,14.238928620608625
Sat Aug 20 13:52:17 UTC 2022,-4.0,-51.0,2319414051,13.712949059140035
Sat Aug 20 13:52:20 UTC 2022,-6.5,-51.0,2324824389,14.294790061069016
Sat Aug 20 13:52:23 UTC 2022,-3.0,-51.0,2330534669,15.29175247967914
Sat Aug 20 13:52:26 UTC 2022,-6.0,-51.0,2335937914,13.999741496506035
Sat Aug 20 13:52:29 UTC 2022,-6.0,-51.0,2341460371,14.356741705691357
Sat Aug 20 13:52:32 UTC 2022,-125,-125,2346869207,14.438058347304628
Sat Aug 20 13:52:35 UTC 2022,-5.5,-51.0,2352883352,16.058286232577345
Sat Aug 20 13:52:38 UTC 2022,-5.5,-51.0,2358295259,12.94444141572095
Sat Aug 20 13:52:41 UTC 2022,-3.0,-51.0,2363714503,14.368504305505306
Sat Aug 20 13:52:44 UTC 2022,-6.0,-51.0,2369417189,14.786191744025174
Sat Aug 20 13:52:47 UTC 2022,-6.0,-51.0,2374548221,13.757464571130397
Sat Aug 20 13:52:50 UTC 2022,-6.0,-51.0,2380264460,15.436469641853968
Sat Aug 20 13:52:54 UTC 2022,-6.0,-51.0,2385383718,13.44453140349274
Sat Aug 20 13:52:57 UTC 2022,-6.0,-51.0,2391399356,15.843844532999535
Sat Aug 20 13:53:00 UTC 2022,-3.0,-51.0,2396806770,13.32840348332486
Sat Aug 20 13:53:03 UTC 2022,-3.0,-51.0,2402227202,14.32964850686213
Sat Aug 20 13:53:06 UTC 2022,-6.0,-51.0,2407714916,14.557548638363366
Sat Aug 20 13:53:09 UTC 2022,-6.0,-51.0,2412889908,13.89608584454703
Sat Aug 20 13:53:12 UTC 2022,-4.5,-51.0,2418554682,15.103598679864493
Sat Aug 20 13:53:15 UTC 2022,-4.5,-51.0,2424274794,14.859971130426993
Sat Aug 20 13:53:18 UTC 2022,-4.5,-51.0,2429693657,14.037456786068253
Sat Aug 20 13:53:21 UTC 2022,-4.5,-45.0,2435115662,14.671795165567866
Sat Aug 20 13:53:24 UTC 2022,-7.0,-45.0,2440540550,14.341159173129343
Sat Aug 20 13:53:27 UTC 2022,-4.0,-45.0,2445961002,14.133857574456892
Sat Aug 20 13:53:30 UTC 2022,-4.0,-45.0,2451678176,15.076530874799188
Sat Aug 20 13:53:33 UTC 2022,-4.0,-45.0,2456930568,13.831074936999885
Sat Aug 20 13:53:36 UTC 2022,-6.5,-45.0,2462358023,14.34246347775044
Sat Aug 20 13:53:40 UTC 2022,-5.0,-51.0,2468691813,16.65766866751143
Sat Aug 20 13:53:43 UTC 2022,-5.0,-51.0,2474110493,12.285118879341058
Sat Aug 20 13:53:46 UTC 2022,-7.5,-51.0,2479537915,14.73007255528765
Sat Aug 20 13:53:49 UTC 2022,-7.5,-51.0,2484960967,14.397219656202203
Sat Aug 20 13:53:52 UTC 2022,-5.5,-51.0,2490082713,13.443177559306786
Sat Aug 20 13:53:55 UTC 2022,-5.5,-57.0,2495174415,13.486575043829584
Sat Aug 20 13:53:58 UTC 2022,-5.5,-57.0,2499733121,11.9806456520757
Sat Aug 20 13:54:01 UTC 2022,-9.0,-57.0,2501539793,4.904709438261079
Sat Aug 20 13:54:04 UTC 2022,-4.0,-57.0,2505761325,11.383490635733342
Sat Aug 20 13:54:07 UTC 2022,-4.0,-57.0,2510283911,11.84067235193292
Sat Aug 20 13:54:10 UTC 2022,-4.0,-57.0,2513298055,8.14230083138102
Sat Aug 20 13:54:13 UTC 2022,-5.5,-57.0,2517219987,10.383416743335518
Sat Aug 20 13:54:16 UTC 2022,-5.5,-57.0,2521447467,11.202838901583153
Sat Aug 20 13:54:19 UTC 2022,-4.0,-50.0,2522654855,3.2554954866761356
Sat Aug 20 13:54:22 UTC 2022,-6.0,-50.0,2524158931,4.059729369860211
Sat Aug 20 13:54:25 UTC 2022,-6.0,-50.0,2528080735,10.588112223434823
Sat Aug 20 13:54:28 UTC 2022,-6.0,-63.0,2532606193,12.169424113375007
Sat Aug 20 13:54:31 UTC 2022,-6.0,-63.0,2536528033,10.369639336986996
Sat Aug 20 13:54:34 UTC 2022,-6.0,-63.0,2537431327,2.4056822232010533
Sat Aug 20 13:54:37 UTC 2022,-6.0,-63.0,2538941311,4.079240547880423
Sat Aug 20 13:54:40 UTC 2022,-4.0,-54.0,2541660181,7.321344004321005
Sat Aug 20 13:54:43 UTC 2022,-4.0,-54.0,2544371645,7.053727228563608
Sat Aug 20 13:54:46 UTC 2022,-4.0,-61.0,2547083065,7.198989463578904
Sat Aug 20 13:54:49 UTC 2022,-5.5,-54.0,2549285125,5.921304480377152
Sat Aug 20 13:54:52 UTC 2022,-5.5,-54.0,2551094709,4.87306771637151
Sat Aug 20 13:54:55 UTC 2022,-4.0,-54.0,2553978399,7.814234663558099
Sat Aug 20 13:54:58 UTC 2022,-4.0,-62.0,2556697269,7.339490939665684
Sat Aug 20 13:55:01 UTC 2022,-4.0,-62.0,2560338907,9.289203729151668
Sat Aug 20 13:55:04 UTC 2022,-6.0,-70.0,2563656977,8.847328062969412
Sat Aug 20 13:55:07 UTC 2022,-6.0,-70.0,2568783133,13.888766669903966
Sat Aug 20 13:55:10 UTC 2022,-6.0,-70.0,2573909368,13.90943382606163
Sat Aug 20 13:55:13 UTC 2022,-6.0,-70.0,2579040173,13.533670473148629
Sat Aug 20 13:55:16 UTC 2022,-4.0,-50.0,2584162119,13.792422710782686
Sat Aug 20 13:55:19 UTC 2022,-4.0,-50.0,2589281443,13.6057390055248
Sat Aug 20 13:55:21 UTC 2022,-4.0,-65.0,2594410962,13.926231608576213
Sat Aug 20 13:55:24 UTC 2022,-6.5,-73.0,2599831388,14.671529000369668
Sat Aug 20 13:55:27 UTC 2022,-6.5,-73.0,2604954873,13.770013914873916
Sat Aug 20 13:55:30 UTC 2022,-6.5,-73.0,2610082815,13.836896233311965
Sat Aug 20 13:55:33 UTC 2022,-125,-125,2615204972,13.785833175029168
Sat Aug 20 13:55:36 UTC 2022,-6.5,-73.0,2620034524,12.775132911144702
Sat Aug 20 13:55:39 UTC 2022,-10.5,-73.0,2625165504,13.877525074221197
Sat Aug 20 13:55:42 UTC 2022,-6.0,-73.0,2630292110,13.7685947801702
Sat Aug 20 13:55:45 UTC 2022,-6.0,-73.0,2635715446,14.648221211086065
Sat Aug 20 13:55:48 UTC 2022,-6.0,-73.0,2641135875,14.299872847126027
Sat Aug 20 13:55:51 UTC 2022,-9.0,-73.0,2646250997,13.417678776421885
Sat Aug 20 13:55:54 UTC 2022,-9.0,-73.0,2651677165,14.63950836276699
Sat Aug 20 13:55:57 UTC 2022,-7.5,-73.0,2656803698,13.822518264139823
Sat Aug 20 13:56:00 UTC 2022,-4.5,-73.0,2662531135,15.427783011797139
Sat Aug 20 13:56:03 UTC 2022,-4.5,-73.0,2667957474,14.218057342217248
Sat Aug 20 13:56:06 UTC 2022,-4.5,-73.0,2673078052,13.19161056129091
Sat Aug 20 13:56:09 UTC 2022,-4.5,-66.0,2678501312,14.625123173776315
Sat Aug 20 13:56:12 UTC 2022,-4.5,-66.0,2683618729,13.820216352744543
Sat Aug 20 13:56:15 UTC 2022,-8.5,-66.0,2689048129,14.577003257144751
Sat Aug 20 13:56:19 UTC 2022,-5.5,-66.0,2694476237,14.324400065197786
Sat Aug 20 13:56:21 UTC 2022,-5.5,-66.0,2699599833,13.027567566769898
Sat Aug 20 13:56:24 UTC 2022,-3.5,-66.0,2704716314,13.780640642471662
Sat Aug 20 13:56:27 UTC 2022,-5.0,-66.0,2709945916,14.026477180322281
Sat Aug 20 13:56:31 UTC 2022,-8.0,-66.0,2715677685,15.48222951794897
Sat Aug 20 13:56:34 UTC 2022,-4.5,-66.0,2720801140,13.233911538407847
Sat Aug 20 13:56:37 UTC 2022,-4.5,-66.0,2726673386,15.71407642791075
Sat Aug 20 13:56:40 UTC 2022,-4.5,-66.0,2731802917,13.336172620559937
Sat Aug 20 13:56:43 UTC 2022,-4.5,-54.0,2737230585,14.631164887010357
Sat Aug 20 13:56:46 UTC 2022,-4.5,-54.0,2742658369,14.614659917016189
Sat Aug 20 13:56:49 UTC 2022,-4.5,-54.0,2748084372,14.403353597910638
Sat Aug 20 13:56:52 UTC 2022,-4.5,-54.0,2753504805,14.5515462801317
Sat Aug 20 13:56:55 UTC 2022,-4.5,-54.0,2758868193,14.175383782768945
Sat Aug 20 13:56:58 UTC 2022,-6.0,-54.0,2764551430,15.015059760262622
Sat Aug 20 13:57:01 UTC 2022,-7.5,-60.0,2769680208,12.953745715364958
Sat Aug 20 13:57:04 UTC 2022,-125,-125,2774772276,13.508956065573848
Sat Aug 20 13:57:07 UTC 2022,-6.0,-60.0,2780417077,15.199705049624896
Sat Aug 20 13:57:10 UTC 2022,-6.0,-67.0,2785780722,13.848264107412831
Sat Aug 20 13:57:13 UTC 2022,-6.0,-67.0,2791442627,15.253645750696975
Sat Aug 20 13:57:16 UTC 2022,-6.0,-67.0,2797127759,14.214724951656672
Sat Aug 20 13:57:19 UTC 2022,-6.0,-67.0,2802263666,13.483035355645832
Sat Aug 20 13:57:22 UTC 2022,-6.0,-67.0,2807956914,14.919370128172893
Sat Aug 20 13:57:25 UTC 2022,-4.5,-77.0,2813060757,13.39466156066005
Sat Aug 20 13:57:28 UTC 2022,-4.5,-77.0,2818454170,14.50525767493475
Sat Aug 20 13:57:31 UTC 2022,-4.5,-77.0,2823553573,13.7300930570615
Sat Aug 20 13:57:34 UTC 2022,-8.0,-77.0,2828360392,12.112387130989983
Sat Aug 20 13:57:37 UTC 2022,-8.0,-77.0,2833756652,14.571366010095877
Sat Aug 20 13:57:40 UTC 2022,-8.0,-77.0,2839242682,14.240289578936725
Sat Aug 20 13:57:43 UTC 2022,-5.5,-77.0,2844853076,14.529449527824715
Sat Aug 20 13:57:46 UTC 2022,-7.0,-77.0,2850243644,14.471084362548194
Sat Aug 20 13:57:49 UTC 2022,-7.0,-77.0,2855037554,12.630028621976107
Sat Aug 20 13:57:53 UTC 2022,-5.5,-77.0,2860132656,13.803960633832991
Sat Aug 20 13:57:55 UTC 2022,-9.0,-77.0,2865220672,12.986610914846542
Sat Aug 20 13:57:58 UTC 2022,-9.0,-77.0,2870315790,13.874922649734833
Sat Aug 20 13:58:01 UTC 2022,-6.5,-77.0,2876011793,15.413203716242942
Sat Aug 20 13:58:04 UTC 2022,-125,-125,2880505861,11.914667540840918
Sat Aug 20 13:58:08 UTC 2022,-11.0,-77.0,2884710326,11.301504466675281
Sat Aug 20 13:58:11 UTC 2022,-5.5,-77.0,2889809741,13.197335229205962
Sat Aug 20 13:58:13 UTC 2022,-5.5,-77.0,2894935988,13.600224845775644
Sat Aug 20 13:58:16 UTC 2022,-5.5,-77.0,2900186701,14.150834517606688
Sat Aug 20 13:58:19 UTC 2022,-7.5,-71.0,2905524038,14.290414020022004
Sat Aug 20 13:58:22 UTC 2022,-5.0,-71.0,2910935976,14.585260517652234
Sat Aug 20 13:58:25 UTC 2022,-5.0,-71.0,2916354819,14.570896195886375
Sat Aug 20 13:58:28 UTC 2022,-5.0,-63.0,2921773697,14.51835619769252
Sat Aug 20 13:58:32 UTC 2022,-5.0,-63.0,2927520221,15.526350826570617
Sat Aug 20 13:58:34 UTC 2022,-125,-125,2932653867,13.046048800685336
Sat Aug 20 13:58:38 UTC 2022,-5.0,-51.0,2938442139,15.591244753858449
Sat Aug 20 13:58:41 UTC 2022,-5.0,-51.0,2943625335,13.665942843350999
Sat Aug 20 13:58:44 UTC 2022,-5.0,-45.0,2949054087,14.23626232570108
Sat Aug 20 13:58:47 UTC 2022,-5.0,-45.0,2954485835,14.564895946627075
Sat Aug 20 13:58:49 UTC 2022,-3.0,-54.0,2959618072,13.886340867106037
Sat Aug 20 13:58:53 UTC 2022,-3.0,-54.0,2965351759,15.406171565923888
Sat Aug 20 13:58:56 UTC 2022,-3.0,-43.0,2970773697,14.05179986501242
Sat Aug 20 13:58:59 UTC 2022,-3.0,-43.0,2976214933,14.394949367596771
Sat Aug 20 13:59:02 UTC 2022,-3.0,-57.0,2981347187,13.78157321162214
Sat Aug 20 13:59:05 UTC 2022,-3.0,-51.0,2986881051,14.998037035556951
Sat Aug 20 13:59:08 UTC 2022,-4.5,-58.0,2992212628,14.160688186067283
Sat Aug 20 13:59:10 UTC 2022,-4.5,-58.0,2997640002,14.655724011192211
Sat Aug 20 13:59:13 UTC 2022,-7.5,-70.0,3003085527,14.817439979443822
Sat Aug 20 13:59:16 UTC 2022,-7.5,-70.0,3008451813,14.107041891143043
Sat Aug 20 13:59:19 UTC 2022,-6.0,-70.0,3013800999,14.330955697174264
Sat Aug 20 13:59:22 UTC 2022,-6.0,-70.0,3019167565,14.462439183495354
Sat Aug 20 13:59:25 UTC 2022,-6.0,-70.0,3024259639,13.376157069779616
Sat Aug 20 13:59:28 UTC 2022,-6.0,-70.0,3029981863,15.485541520089168
Sat Aug 20 13:59:32 UTC 2022,-6.0,-70.0,3035403891,14.379182262108587
Sat Aug 20 13:59:35 UTC 2022,-6.0,-70.0,3040502012,13.268982097781052
Sat Aug 20 13:59:37 UTC 2022,-5.5,-79.0,3045925197,14.609450277293094
Sat Aug 20 13:59:40 UTC 2022,-10.5,-79.0,3051344123,14.546087794164945
Sat Aug 20 13:59:43 UTC 2022,-10.5,-79.0,3056768545,14.590371617156004
Sat Aug 20 13:59:47 UTC 2022,-10.5,-79.0,3062492703,15.183381079413522
Sat Aug 20 13:59:50 UTC 2022,-10.5,-79.0,3067310611,12.23186512671819
Sat Aug 20 13:59:53 UTC 2022,-10.5,-79.0,3072200198,13.227512644240486
Sat Aug 20 13:59:56 UTC 2022,-10.5,-79.0,3076524964,11.55575787019318
Sat Aug 20 13:59:59 UTC 2022,-7.0,-79.0,3081556746,13.669970557505494
Sat Aug 20 14:00:02 UTC 2022,-7.0,-79.0,3086988494,14.10736121324038
Sat Aug 20 14:00:05 UTC 2022,-7.5,-79.0,3092116188,13.649413239481463
Sat Aug 20 14:00:08 UTC 2022,-7.5,-79.0,3097541984,14.713489699315444
Sat Aug 20 14:00:11 UTC 2022,-7.5,-79.0,3102678626,13.628319314628035
Sat Aug 20 14:00:14 UTC 2022,-9.5,-79.0,3107810774,13.896757987370279
Sat Aug 20 14:00:17 UTC 2022,-7.0,-79.0,3112931175,13.434518496291917
Sat Aug 20 14:00:20 UTC 2022,-7.0,-79.0,3118054651,13.74638826863922
Sat Aug 20 14:00:22 UTC 2022,-4.5,-73.0,3123488016,14.652751088492764
Sat Aug 20 14:00:25 UTC 2022,-6.0,-73.0,3128615868,13.788493253702326
Sat Aug 20 14:00:28 UTC 2022,-6.0,-73.0,3133743617,13.897460817992405
Sat Aug 20 14:00:31 UTC 2022,-8.0,-73.0,3138863083,13.981122369716346
Sat Aug 20 14:00:34 UTC 2022,-5.5,-73.0,3144276337,14.344587896252
Sat Aug 20 14:00:37 UTC 2022,-5.5,-73.0,3149405964,13.653045777969405
Sat Aug 20 14:00:40 UTC 2022,-5.5,-73.0,3153925676,12.257891999057753
Sat Aug 20 14:00:43 UTC 2022,-5.5,-73.0,3159053330,13.65995420337821
Sat Aug 20 14:00:47 UTC 2022,-5.5,-73.0,3164183980,13.459129466678863
Sat Aug 20 14:00:50 UTC 2022,-10.5,-73.0,3169317749,13.109413936268291
Sat Aug 20 14:00:53 UTC 2022,-10.5,-73.0,3174449937,13.513462697735426
Sat Aug 20 14:00:56 UTC 2022,-10.5,-73.0,3179276493,12.552608993844563
Sat Aug 20 14:00:59 UTC 2022,-9.0,-73.0,3184407143,13.986990610246332
Sat Aug 20 14:01:02 UTC 2022,-9.0,-73.0,3189537833,13.556908926787846
Sat Aug 20 14:01:05 UTC 2022,-9.0,-73.0,3195275173,15.495910507073468
Sat Aug 20 14:01:08 UTC 2022,-8.0,-80.0,3200706921,13.968656211524632
Sat Aug 20 14:01:11 UTC 2022,-10.5,-80.0,3205833077,13.9747687476506
Sat Aug 20 14:01:14 UTC 2022,-10.5,-80.0,3210962229,13.860914495823206
Sat Aug 20 14:01:17 UTC 2022,-8.5,-80.0,3216388061,14.59615138124525
Sat Aug 20 14:01:19 UTC 2022,-5.5,-80.0,3221512759,13.86550718005253
Sat Aug 20 14:01:22 UTC 2022,-5.5,-80.0,3226946121,14.681749744877019
Sat Aug 20 14:01:25 UTC 2022,-12.0,-80.0,3232376371,14.265184399230021
Sat Aug 20 14:01:28 UTC 2022,-10.0,-80.0,3237505523,13.88896395645278
Sat Aug 20 14:01:31 UTC 2022,-10.0,-80.0,3242636173,13.74048602562145
Sat Aug 20 14:01:34 UTC 2022,-11.5,-80.0,3248067921,14.747144850200446
Sat Aug 20 14:01:37 UTC 2022,-11.5,-80.0,3253195575,13.651304604348994
Sat Aug 20 14:01:40 UTC 2022,-11.5,-80.0,3258318775,13.479920363171178
Sat Aug 20 14:01:44 UTC 2022,-11.5,-80.0,3264051621,15.23568791626246
Sat Aug 20 14:01:46 UTC 2022,-11.5,-80.0,3269185307,13.48742053375585
Sat Aug 20 14:01:49 UTC 2022,-11.5,-80.0,3274623047,14.660547320091444
Sat Aug 20 14:01:52 UTC 2022,-11.5,-80.0,3279749243,13.629456895014403
Sat Aug 20 14:01:55 UTC 2022,-11.5,-80.0,3284876897,13.681590287138222
Sat Aug 20 14:01:59 UTC 2022,-11.5,-80.0,3290614237,15.382567577014317
Sat Aug 20 14:02:02 UTC 2022,-11.5,-80.0,3295740433,13.211619073540815
Sat Aug 20 14:02:04 UTC 2022,-11.5,-80.0,3301169225,14.790013044913305
Sat Aug 20 14:02:07 UTC 2022,-8.5,-80.0,3306299875,13.835415076358649
Sat Aug 20 14:02:11 UTC 2022,-8.5,-80.0,3312029725,15.489243948066932
Sat Aug 20 14:02:14 UTC 2022,-8.5,-80.0,3317458477,13.906916207595282
Sat Aug 20 14:02:17 UTC 2022,-8.5,-80.0,3322583215,13.836885709267873
Sat Aug 20 14:02:20 UTC 2022,-6.5,-80.0,3328016461,14.618529191497299
Sat Aug 20 14:02:22 UTC 2022,-6.5,-80.0,3332539043,12.019580093763084
Sat Aug 20 14:02:26 UTC 2022,-8.5,-80.0,3338269162,15.457841726386704
Sat Aug 20 14:02:29 UTC 2022,-8.5,-80.0,3343394222,12.911393232674689
Sat Aug 20 14:02:32 UTC 2022,-8.5,-80.0,3347912540,12.129720794741049
Sat Aug 20 14:02:35 UTC 2022,-11.0,-80.0,3353032984,13.832192309229093
Sat Aug 20 14:02:38 UTC 2022,-11.0,-80.0,3358456060,14.591734933040232
Sat Aug 20 14:02:41 UTC 2022,-11.0,-80.0,3363880640,14.126369024220052
Sat Aug 20 14:02:44 UTC 2022,-12.5,-73.0,3369308318,14.409399195983687
Sat Aug 20 14:02:47 UTC 2022,-5.5,-73.0,3374734144,14.328702928379563
Sat Aug 20 14:02:50 UTC 2022,-5.5,-73.0,3380157248,14.582492108619268
Sat Aug 20 14:02:53 UTC 2022,-7.0,-67.0,3385882948,15.487880335330383
Sat Aug 20 14:02:56 UTC 2022,-5.0,-43.0,3391079662,13.350694202997504
Sat Aug 20 14:02:59 UTC 2022,-5.0,-43.0,3396438084,14.276332487865812
Sat Aug 20 14:03:02 UTC 2022,-5.0,-40.0,3401862558,14.327986463216266
Sat Aug 20 14:03:05 UTC 2022,-5.0,-48.0,3407294346,14.69493158061502
Sat Aug 20 14:03:08 UTC 2022,-5.0,-48.0,3412714490,14.708597770256036
Sat Aug 20 14:03:11 UTC 2022,-4.5,-48.0,3418143242,14.598892938960926
Sat Aug 20 14:03:14 UTC 2022,-6.0,-48.0,3423572070,14.172194068986668
Sat Aug 20 14:03:17 UTC 2022,-6.0,-48.0,3429002396,14.210596557401217
Sat Aug 20 14:03:20 UTC 2022,-6.0,-44.0,3434149600,13.905581320740865
Sat Aug 20 14:03:23 UTC 2022,-6.0,-44.0,3439573898,14.608479935541862
Sat Aug 20 14:03:26 UTC 2022,-6.0,-44.0,3445002650,14.704602629161023
Sat Aug 20 14:03:29 UTC 2022,-4.5,-44.0,3450738492,15.431814978186575
Sat Aug 20 14:03:32 UTC 2022,-4.5,-44.0,3455870716,13.346089916925154
Sat Aug 20 14:03:35 UTC 2022,-4.5,-44.0,3461299544,14.361311552644336
Sat Aug 20 14:03:38 UTC 2022,-10.5,-52.0,3467033888,15.490524358556115
Sat Aug 20 14:03:41 UTC 2022,-7.5,-58.0,3472464214,14.260489932295764
Sat Aug 20 14:03:44 UTC 2022,-5.0,-58.0,3478200056,14.899766276208942
Sat Aug 20 14:03:47 UTC 2022,-5.0,-58.0,3483333702,13.299903945027376
Sat Aug 20 14:03:50 UTC 2022,-14.5,-66.0,3488767024,14.55207702691172
Sat Aug 20 14:03:53 UTC 2022,-9.5,-66.0,3493580378,12.970130797601298
Sat Aug 20 14:03:56 UTC 2022,-9.5,-66.0,3498762200,13.955731723139765
Sat Aug 20 14:03:59 UTC 2022,-4.5,-66.0,3503882636,13.822665991692283
Sat Aug 20 14:04:02 UTC 2022,-9.0,-66.0,3509615602,15.393081045927088
Sat Aug 20 14:04:05 UTC 2022,-9.0,-66.0,3514736154,13.361414315518386
Sat Aug 20 14:04:08 UTC 2022,-12.0,-66.0,3519856814,13.867923692581956
Sat Aug 20 14:04:11 UTC 2022,-8.0,-66.0,3525272888,14.569606443990724
Sat Aug 20 14:04:14 UTC 2022,-4.5,-66.0,3530691650,14.355510428893217
Sat Aug 20 14:04:17 UTC 2022,-4.5,-66.0,3536420270,15.403239567175703
Sat Aug 20 14:04:20 UTC 2022,-6.0,-66.0,3541840520,13.862156990873052
Sat Aug 20 14:04:23 UTC 2022,-11.5,-66.0,3547161854,14.298507065860083
Sat Aug 20 14:04:26 UTC 2022,-9.5,-66.0,3552375757,14.011660882898441
Sat Aug 20 14:04:29 UTC 2022,-8.0,-66.0,3557793628,14.442537997810176
Sat Aug 20 14:04:32 UTC 2022,-8.0,-66.0,3563517686,15.508550092471616
Sat Aug 20 14:04:35 UTC 2022,-8.0,-66.0,3568928234,13.69727787023236
Sat Aug 20 14:04:38 UTC 2022,-8.0,-66.0,3574048718,13.519760714010133
Sat Aug 20 14:04:41 UTC 2022,-5.5,-66.0,3579773235,15.430158975100746
Sat Aug 20 14:04:44 UTC 2022,-5.5,-66.0,3585193282,14.317977302543834
Sat Aug 20 14:04:47 UTC 2022,-7.5,-74.0,3590322550,13.770125653937779
Sat Aug 20 14:04:50 UTC 2022,-7.5,-74.0,3594836551,12.141716450309833
Sat Aug 20 14:04:53 UTC 2022,-7.5,-74.0,3599948854,13.282294124404029
Sat Aug 20 14:04:56 UTC 2022,-5.0,-74.0,3604234604,11.487626973375322
Sat Aug 20 14:04:59 UTC 2022,-5.0,-74.0,3604336280,0.2750668373207716
Sat Aug 20 14:05:02 UTC 2022,-5.0,-74.0,3604337997,0.004450054783410486
Sat Aug 20 14:05:05 UTC 2022,-9.5,-74.0,3604338113,0.0003137573488711958
Sat Aug 20 14:05:08 UTC 2022,-9.5,-74.0,3604338153,0.00010750968233880166
Sat Aug 20 14:05:11 UTC 2022,-9.5,-74.0,3604338273,0.0003160064232163518
Sat Aug 20 14:05:14 UTC 2022,-13.5,-80.0,3604338273,0.0
Sat Aug 20 14:05:17 UTC 2022,-16.5,-80.0,3604338393,0.00031764227049473797
Sat Aug 20 14:05:20 UTC 2022,-16.5,-80.0,3604338433,0.00010281951147043792
Sat Aug 20 14:05:23 UTC 2022,-13.0,-80.0,3604338549,0.0003091696513967635
Sat Aug 20 14:05:26 UTC 2022,-13.0,-80.0,3604339228,0.0017127695519758139
